Data da Extração,Número,Classe,Procurador Responsável,Órgão Padronizado,Valor da causa,Status Normalizado,UF_1,UF_2
2026-01-05,6435510-84.2023.4.01.3646,Apelação Cível,Liz Guerra,TERCEIRA SEÇÃO,49760.34,CONCLUÍDO,AP,
2025-12-01,9659227-74.2024.4.01.3307,Execução Fiscal,Leonardo Sales,TERCEIRA SEÇÃO,44747.28,CONCLUÍDO,"SC",RR
2025-12-28,5547024-65.2025.4.01.3349,Agravo de Instrumento,Leonardo Sales,SEXTA TURMA,31735.13,PENDENTE,TO,
2025-12-31,1566283-69.2022.4.01.3416,Agravo de Instrumento,Francisco da Paz,PRIMEIRA TURMA,47884.61,CONCLUÍDO,DF,
2025-12-21,1417929-63.2022.4.01.3235,Agravo de Instrumento,Luiz Miguel Albuquerque,PRIMEIRA SEÇÃO,41606.35,CONCLUÍDO,PI,
2025-12-23,4461636-62.2022.4.01.3568,Mandado de Segurança,Leonardo Sales,TERCEIRA SEÇÃO,33911.9,PENDENTE,"SE",AP
2026-01-05,9915599-33.2024.4.01.3918,Execução Fiscal,Francisco da Paz,SEGUNDA SEÇÃO,2961.56,CONCLUÍDO,AC,
2025-12-28,4446518-49.2022.4.01.3647,Apelação Cível,Leonardo Sales,SEGUNDA TURMA,47095.11,CONCLUÍDO,AC,
2025-12-17,2240564-71.2023.4.01.3115,Mandado de Segurança,Francisco da Paz,SEXTA TURMA,2435.69,CONCLUÍDO,PI,
2025-12-26,8394751-34.2021.4.01.3499,Apelação Cível,Luiz Miguel Albuquerque,QUARTA TURMA,39993.51,CONCLUÍDO,ES,
2025-12-21,7651686-57.2024.4.01.3427,Apelação Cível,Liz Guerra,QUINTA TURMA,24661.99,PENDENTE,AC,
2026-01-12,8350600-66.2025.4.01.3693,Mandado de Segurança,Brayan Teixeira,SEGUNDA SEÇÃO,44750.92,PENDENTE,"GO",DF
2025-12-08,3300826-80.2023.4.01.3291,Apelação Cível,Rafael Ramos,TERCEIRA TURMA,34227.97,CONCLUÍDO,MA,
2025-12-11,2241491-38.2022.4.01.3955,Mandado de Segurança,Francisco da Paz,TERCEIRA SEÇÃO,3780.85,CONCLUÍDO,MG,
2025-12-02,9930028-22.2021.4.01.3555,Agravo de Instrumento,Francisco da Paz,TERCEIRA TURMA,6222.15,PENDENTE,AM,
2025-12-18,7108248-39.2022.4.01.3191,Mandado de Segurança,Leonardo Sales,CORTE ESPECIAL,22285.6,CONCLUÍDO,"RJ",RJ
2025-12-12,9037534-79.2023.4.01.3169,Mandado de Segurança,Isabela da Paz,QUARTA TURMA,22612.24,CONCLUÍDO,PR,
2025-12-12,2120652-18.2024.4.01.3309,Execução Fiscal,Cecilia Costela,PRIMEIRA TURMA,9780.09,PENDENTE,RN,
2026-01-15,2383097-37.2023.4.01.3536,Execução Fiscal,Liz Guerra,TERCEIRA SEÇÃO,48142.25,PENDENTE,RJ,
2025-12-01,1776289-65.2021.4.01.3817,Agravo de Instrumento,Liz Guerra,QUARTA TURMA,22836.94,PENDENTE,CE,
2025-12-07,8843005-24.2020.4.01.3236,Execução Fiscal,Luiz Miguel Albuquerque,SEXTA TURMA,49677.79,PENDENTE,RR,
2025-12-28,5600043-39.2023.4.01.3120,Execução Fiscal,Ana Laura Vargas,PRIMEIRA TURMA,28279.42,PENDENTE,SC,
2025-12-06,4760239-21.2024.4.01.3033,Execução Fiscal,Brayan Teixeira,TERCEIRA TURMA,3939.56,CONCLUÍDO,PB,
2025-12-09,9337261-13.2020.4.01.3529,Agravo de Instrumento,Anthony Nogueira,TERCEIRA TURMA,47635.86,PENDENTE,"PI",PA
2025-12-09,4912285-29.2024.4.01.3515,Apelação Cível,Francisco da Paz,PRIMEIRA TURMA,4992.53,PENDENTE,TO,
2025-12-15,9686441-99.2025.4.01.3641,Mandado de Segurança,Francisco da Paz,TERCEIRA TURMA,45919.1,PENDENTE,PB,
2025-12-05,4634105-61.2022.4.01.3893,Agravo de Instrumento,Francisco da Paz,PRIMEIRA SEÇÃO,14921.38,CONCLUÍDO,RR,
2025-12-28,4290125-11.2021.4.01.3935,Execução Fiscal,Ana Laura Vargas,CORTE ESPECIAL,33622.14,CONCLUÍDO,MT,
2025-12-15,4627944-65.2025.4.01.3288,Execução Fiscal,Luiz Miguel Albuquerque,TERCEIRA SEÇÃO,32632.51,PENDENTE,PA,
2025-12-19,8345241-23.2020.4.01.3050,Mandado de Segurança,Cecilia Costela,PRIMEIRA TURMA,7473.78,PENDENTE,MS,
2025-12-23,7319199-83.2024.4.01.3951,Mandado de Segurança,Francisco da Paz,SEGUNDA SEÇÃO,48748.31,CONCLUÍDO,"GO",MA
2025-12-10,4214772-44.2022.4.01.3127,Agravo de Instrumento,Isabela da Paz,PRIMEIRA TURMA,39672.11,PENDENTE,PA,
2026-01-03,3484427-29.2020.4.01.3677,Execução Fiscal,Luiz Miguel Albuquerque,SEGUNDA TURMA,53748.87,CONCLUÍDO,RJ,
2025-12-02,1710560-81.2022.4.01.3136,Apelação Cível,Cecilia Costela,SEXTA TURMA,2028.75,CONCLUÍDO,MS,
2025-12-02,8804777-46.2022.4.01.3314,Mandado de Segurança,Cecilia Costela,PRIMEIRA SEÇÃO,6114.83,PENDENTE,AL,
2026-01-17,6017207-89.2022.4.01.3473,Execução Fiscal,Isabela da Paz,TERCEIRA TURMA,49134.44,CONCLUÍDO,SP,
2026-01-20,2276381-14.2025.4.01.3705,Mandado de Segurança,Luiz Miguel Albuquerque,QUARTA TURMA,27815.27,CONCLUÍDO,SC,
2026-01-05,1019812-55.2020.4.01.3683,Apelação Cível,Ana Laura Vargas,SEGUNDA SEÇÃO,18332.88,CONCLUÍDO,GO,
2026-01-22,3227711-53.2022.4.01.3064,Mandado de Segurança,Anthony Nogueira,PRIMEIRA TURMA,42354.33,CONCLUÍDO,RR,
2026-01-04,1081164-29.2025.4.01.3903,Execução Fiscal,Brayan Teixeira, ,46918.65,CONCLUÍDO,RO,
2026-01-11,1014306-50.2025.4.01.3117,Mandado de Segurança,Francisco da Paz,QUARTA TURMA,37731.16,PENDENTE,MT,
2026-01-03,4370439-69.2024.4.01.3531,Mandado de Segurança,Cecilia Costela,CORTE ESPECIAL,9170.29,CONCLUÍDO,RO,
2025-12-01,9131449-10.2022.4.01.3337,Apelação Cível,Anthony Nogueira,QUARTA TURMA,48905.13,PENDENTE,RN,
2026-01-01,2423315-16.2021.4.01.3292,Apelação Cível,Leonardo Sales,PRIMEIRA SEÇÃO,29818.52,CONCLUÍDO,RJ,
2026-01-06,5787618-41.2023.4.01.3088,Agravo de Instrumento,Benjamin Moraes,QUINTA TURMA,48928.98,CONCLUÍDO,PB,
2025-12-19,1050494-68.2021.4.01.3750,Mandado de Segurança,Francisco da Paz,CORTE ESPECIAL,5401.09,PENDENTE,CE,
2026-01-01,3413707-49.2024.4.01.3117,Mandado de Segurança,Anthony Nogueira,TERCEIRA SEÇÃO,8341.71,CONCLUÍDO,PI,
2026-01-19,3454596-88.2021.4.01.3433,Execução Fiscal,Cecilia Costela,SEXTA TURMA,42493.94,PENDENTE,PI,
2025-12-03,4947918-94.2022.4.01.3267,Execução Fiscal,Francisco da Paz,CORTE ESPECIAL,28580.24,PENDENTE,AM,
2025-12-07,2648090-25.2022.4.01.3708,Apelação Cível,Francisco da Paz,Não Informado,34883.55,CONCLUÍDO,"PI",MG
2026-01-11,9918190-76.2021.4.01.3245,Execução Fiscal,Francisco da Paz,PRIMEIRA SEÇÃO,1024.93,PENDENTE,"MT",ES
2026-01-14,5137334-38.2022.4.01.3430,Apelação Cível,Francisco da Paz,TERCEIRA TURMA,42117.92,CONCLUÍDO,MA,
2025-12-17,6027370-52.2024.4.01.3689,Agravo de Instrumento,Anthony Nogueira,QUARTA TURMA,39114.06,CONCLUÍDO,MS,
2025-12-29,6983802-62.2025.4.01.3019,Mandado de Segurança,Leonardo Sales,SEXTA TURMA,14648.69,CONCLUÍDO,ES,
2025-12-05,6643427-55.2021.4.01.3913,Mandado de Segurança,Cecilia Costela,PRIMEIRA SEÇÃO,39848.46,CONCLUÍDO,"RS",AP
2026-01-12,4696911-49.2023.4.01.3885,Mandado de Segurança,Cecilia Costela,SEXTA TURMA,40952.09,PENDENTE,DF,
2025-11-30,2615339-72.2023.4.01.3571,Execução Fiscal,Isabela da Paz,SEGUNDA TURMA,41874.67,PENDENTE,BA,
2025-12-17,9942325-84.2020.4.01.3481,Agravo de Instrumento,Francisco da Paz,QUARTA TURMA,44553.37,PENDENTE,AC,
2026-01-10,7441940-26.2021.4.01.3236,Apelação Cível,Luiz Miguel Albuquerque,QUARTA TURMA,18512.46,CONCLUÍDO,SE,
2025-12-23,4388576-37.2023.4.01.3415,Apelação Cível,Evelyn da Cruz,QUINTA TURMA,33331.31,CONCLUÍDO,PA,
2026-01-12,1972825-33.2020.4.01.3870,Agravo de Instrumento,Benjamin Moraes,QUINTA TURMA,28118.87,PENDENTE,ES,
2026-01-27,6346614-29.2023.4.01.3140,Mandado de Segurança,Benjamin Moraes,TERCEIRA SEÇÃO,28357.64,PENDENTE,MA,
2026-01-14,8961838-12.2020.4.01.3618,Execução Fiscal,Isabela da Paz,QUINTA TURMA,34702.22,PENDENTE,ES,
2026-01-14,8898570-79.2022.4.01.3456,Apelação Cível,Rafael Ramos,SEGUNDA SEÇÃO,17566.01,PENDENTE,PE,
2025-12-12,3445936-71.2025.4.01.3389,Apelação Cível,Leonardo Sales,SEGUNDA SEÇÃO,34003.36,PENDENTE,AC,
2025-11-29,4566698-24.2024.4.01.3083,Agravo de Instrumento,Isabela da Paz,SEGUNDA TURMA,22784.68,PENDENTE,PR,
2025-12-02,4217117-89.2022.4.01.3134,Execução Fiscal,Anthony Nogueira,TERCEIRA SEÇÃO,5103.01,CONCLUÍDO,"DF",PB
2026-01-03,5143622-80.2023.4.01.3053,Execução Fiscal,Brayan Teixeira,PRIMEIRA SEÇÃO,17590.89,PENDENTE,RN,
2025-12-06,3691734-14.2021.4.01.3032,Agravo de Instrumento,Anthony Nogueira,SEGUNDA SEÇÃO,37988.21,PENDENTE,BA,
2026-01-22,4188360-54.2022.4.01.3149,Mandado de Segurança,Francisco da Paz,CORTE ESPECIAL,22319.78,CONCLUÍDO,SP,
2025-12-15,5685357-24.2023.4.01.3108,Execução Fiscal,Ana Laura Vargas,QUINTA TURMA,29228.34,PENDENTE,ES,
2025-12-19,8200051-58.2020.4.01.3202,Execução Fiscal,Isabela da Paz,QUINTA TURMA,50530.55,CONCLUÍDO,SC,
2025-12-19,3586018-28.2024.4.01.3244,Mandado de Segurança,Liz Guerra,SEGUNDA SEÇÃO,44359.55,PENDENTE,MS,
2025-12-18,4625355-77.2022.4.01.3399,Mandado de Segurança,Liz Guerra,PRIMEIRA TURMA,29466.51,PENDENTE,MT,
2025-11-29,9218454-11.2020.4.01.3204,Agravo de Instrumento,Ana Laura Vargas,SEGUNDA SEÇÃO,42666.45,CONCLUÍDO,RR,
2026-01-18,1169198-66.2023.4.01.3401,Apelação Cível,Anthony Nogueira,SEGUNDA SEÇÃO,33763.65,CONCLUÍDO,"AM",RO
2025-12-30,2725913-25.2020.4.01.3029,Mandado de Segurança,Brayan Teixeira,QUINTA TURMA,8820.43,PENDENTE,RJ,
2026-01-23,8193979-36.2022.4.01.3276,Execução Fiscal,Brayan Teixeira,SEGUNDA SEÇÃO,44464.3,PENDENTE,RN,
2025-12-07,9329626-61.2024.4.01.3324,Execução Fiscal,Benjamin Moraes,QUINTA TURMA,34951.54,CONCLUÍDO,PE,
2026-01-24,5436771-79.2021.4.01.3329,Apelação Cível,Evelyn da Cruz,TERCEIRA TURMA,23610.87,PENDENTE,RJ,
2026-01-05,8161731-63.2023.4.01.3629,Agravo de Instrumento,Anthony Nogueira,TERCEIRA TURMA,11858.67,CONCLUÍDO,TO,
2026-01-07,6063765-79.2022.4.01.3932,Agravo de Instrumento,Evelyn da Cruz,PRIMEIRA TURMA,6858.85,CONCLUÍDO,TO,
2026-01-19,3852541-12.2025.4.01.3405,Execução Fiscal,Isabela da Paz,TERCEIRA SEÇÃO,45407.59,CONCLUÍDO,SC,
2025-12-15,6318892-68.2022.4.01.3528,Apelação Cível,Cecilia Costela,SEGUNDA TURMA,24531.0,CONCLUÍDO,PE,
2025-12-12,6042404-26.2021.4.01.3557,Execução Fiscal,Isabela da Paz,SEGUNDA SEÇÃO,20575.29,PENDENTE,SC,
2026-01-07,7901919-69.2023.4.01.3122,Apelação Cível,Luiz Miguel Albuquerque,TERCEIRA TURMA,48494.83,PENDENTE,CE,
2026-01-23,4696598-24.2022.4.01.3706,Apelação Cível,Isabela da Paz, ,9447.68,CONCLUÍDO,PR,
2026-01-13,7732546-36.2024.4.01.3937,Apelação Cível,Francisco da Paz, ,7165.73,PENDENTE,RS,
2026-01-16,7427084-18.2020.4.01.3110,Apelação Cível,Francisco da Paz,QUARTA TURMA,22968.65,PENDENTE,MT,
2026-01-18,7276824-81.2022.4.01.3136,Apelação Cível,Ana Laura Vargas,QUINTA TURMA,14592.05,PENDENTE,AC,
2025-12-10,6958373-75.2025.4.01.3383,Agravo de Instrumento,Leonardo Sales,TERCEIRA SEÇÃO,44759.37,PENDENTE,MS,
2026-01-07,8153053-60.2024.4.01.3239,Agravo de Instrumento,Cecilia Costela,QUARTA TURMA,8981.4,CONCLUÍDO,GO,
2025-11-30,6231570-41.2021.4.01.3875,Apelação Cível,Cecilia Costela,SEGUNDA SEÇÃO,38707.94,PENDENTE,MS,
2025-12-31,3561995-36.2020.4.01.3416,Apelação Cível,Brayan Teixeira,TERCEIRA TURMA,18559.31,CONCLUÍDO,MA,
2026-01-19,5164332-42.2023.4.01.3414,Apelação Cível,Francisco da Paz,PRIMEIRA SEÇÃO,6190.35,PENDENTE,RO,
2025-12-16,2963160-98.2023.4.01.3932,Mandado de Segurança,Leonardo Sales,PRIMEIRA SEÇÃO,25106.41,CONCLUÍDO,PA,
2025-12-23,7763311-40.2022.4.01.3809,Agravo de Instrumento,Luiz Miguel Albuquerque,QUARTA TURMA,17561.03,PENDENTE,RJ,
2025-12-23,5114877-88.2024.4.01.3531,Agravo de Instrumento,Liz Guerra,PRIMEIRA SEÇÃO,14273.26,PENDENTE,DF,
2026-01-23,6919046-87.2023.4.01.3803,Apelação Cível,Francisco da Paz,PRIMEIRA TURMA,26521.7,CONCLUÍDO,AC,
2026-01-17,7433561-46.2022.4.01.3043,Execução Fiscal,Liz Guerra,SEXTA TURMA,29405.76,CONCLUÍDO,RS,
2025-12-08,4729900-48.2023.4.01.3394,Execução Fiscal,Cecilia Costela,SEGUNDA SEÇÃO,44712.21,PENDENTE,AP,
2025-12-11,8318124-99.2020.4.01.3592,Mandado de Segurança,Anthony Nogueira,SEXTA TURMA,36223.41,PENDENTE,AC,
2025-12-15,3849410-56.2022.4.01.3988,Mandado de Segurança,Liz Guerra,PRIMEIRA TURMA,37911.79,PENDENTE,SP,
2025-12-19,6708991-34.2020.4.01.3299,Execução Fiscal,Isabela da Paz,TERCEIRA SEÇÃO,17721.31,CONCLUÍDO,MA,
2025-12-26,9546653-79.2025.4.01.3469,Apelação Cível,Evelyn da Cruz,QUARTA TURMA,2060.7,PENDENTE,PR,
2025-12-17,3017071-92.2024.4.01.3685,Execução Fiscal,Benjamin Moraes,SEGUNDA TURMA,43059.01,PENDENTE,PB,
2025-12-15,9020886-16.2025.4.01.3468,Mandado de Segurança,Cecilia Costela,PRIMEIRA TURMA,12626.74,CONCLUÍDO,PI,
2025-12-12,8228963-31.2022.4.01.3399,Execução Fiscal,Luiz Miguel Albuquerque,PRIMEIRA SEÇÃO,8977.37,PENDENTE,RS,
2026-01-20,6333301-50.2024.4.01.3006,Mandado de Segurança,Leonardo Sales,PRIMEIRA TURMA,42781.45,PENDENTE,PE,
2026-01-11,9056265-78.2022.4.01.3659,Agravo de Instrumento,Francisco da Paz,SEXTA TURMA,8387.16,PENDENTE,ES,
2025-12-11,5527546-50.2020.4.01.3561,Mandado de Segurança,Isabela da Paz,Não Informado,31086.04,CONCLUÍDO,PE,
2025-12-12,6230646-77.2025.4.01.3253,Mandado de Segurança,Ana Laura Vargas,CORTE ESPECIAL,48668.55,CONCLUÍDO,BA,
2025-12-01,1022296-50.2021.4.01.3088,Apelação Cível,Luiz Miguel Albuquerque,SEXTA TURMA,4389.01,CONCLUÍDO,DF,
2025-12-01,1019021-73.2025.4.01.3472,Apelação Cível,Leonardo Sales,SEGUNDA SEÇÃO,30080.66,PENDENTE,PI,
2025-12-01,5233526-13.2021.4.01.3118,Execução Fiscal,Cecilia Costela,CORTE ESPECIAL,19738.24,PENDENTE,PB,
2026-01-18,7473732-70.2021.4.01.3226,Mandado de Segurança,Brayan Teixeira,PRIMEIRA SEÇÃO,29872.13,PENDENTE,SP,
2026-01-20,2383414-62.2021.4.01.3840,Agravo de Instrumento,Anthony Nogueira,SEGUNDA TURMA,12079.94,PENDENTE,BA,
2025-12-19,4766663-57.2020.4.01.3314,Mandado de Segurança,Cecilia Costela,PRIMEIRA SEÇÃO,31817.27,PENDENTE,MA,
2026-01-16,9163096-11.2020.4.01.3377,Apelação Cível,Liz Guerra,QUINTA TURMA,27954.33,PENDENTE,RO,
2025-12-04,5468274-52.2021.4.01.3859,Mandado de Segurança,Evelyn da Cruz,PRIMEIRA TURMA,30602.91,PENDENTE,ES,
2025-12-24,2326878-83.2020.4.01.3429,Execução Fiscal,Cecilia Costela,TERCEIRA TURMA,32109.3,CONCLUÍDO,ES,
2025-12-20,6309704-35.2022.4.01.3934,Mandado de Segurança,Brayan Teixeira,QUARTA TURMA,3802.06,PENDENTE,AM,
2026-01-10,1674337-66.2022.4.01.3989,Apelação Cível,Evelyn da Cruz,SEXTA TURMA,35564.16,PENDENTE,RS,
2025-12-18,2569197-10.2023.4.01.3845,Execução Fiscal,Cecilia Costela,QUARTA TURMA,44282.34,PENDENTE,RN,
2026-01-10,4486525-33.2021.4.01.3146,Apelação Cível,Leonardo Sales,QUINTA TURMA,41838.14,CONCLUÍDO,SP,
2025-12-06,6329910-50.2025.4.01.3093,Mandado de Segurança,Brayan Teixeira,CORTE ESPECIAL,11052.42,CONCLUÍDO,PB,
2026-01-14,9135837-51.2023.4.01.3386,Mandado de Segurança,Luiz Miguel Albuquerque,PRIMEIRA SEÇÃO,1244.31,PENDENTE,SP,
2025-12-06,4312522-84.2021.4.01.3817,Execução Fiscal,Anthony Nogueira,TERCEIRA TURMA,38657.1,CONCLUÍDO,AL,
2025-12-15,4823660-63.2021.4.01.3491,Apelação Cível,Cecilia Costela,PRIMEIRA SEÇÃO,41527.27,CONCLUÍDO,SP,
2026-01-25,2700402-60.2025.4.01.3488,Agravo de Instrumento,Brayan Teixeira,TERCEIRA SEÇÃO,45301.06,CONCLUÍDO,PB,
2025-12-12,2956078-56.2020.4.01.3770,Execução Fiscal,Luiz Miguel Albuquerque,TERCEIRA TURMA,14816.06,CONCLUÍDO,AC,
2026-01-03,7768757-61.2024.4.01.3989,Apelação Cível,Isabela da Paz,QUINTA TURMA,49053.86,PENDENTE,RO,
2025-12-20,9591770-34.2025.4.01.3637,Apelação Cível,Ana Laura Vargas,SEGUNDA SEÇÃO,31303.49,CONCLUÍDO,DF,
2025-12-02,6477071-63.2021.4.01.3962,Execução Fiscal,Luiz Miguel Albuquerque,PRIMEIRA TURMA,33076.2,PENDENTE,PR,
2026-01-17,6244098-33.2021.4.01.3477,Agravo de Instrumento,Leonardo Sales,QUINTA TURMA,10426.95,PENDENTE,PA,
2026-01-15,3220326-63.2023.4.01.3280,Execução Fiscal,Liz Guerra,TERCEIRA SEÇÃO,14146.72,CONCLUÍDO,PB,
2026-01-02,5310290-80.2022.4.01.3859,Mandado de Segurança,Luiz Miguel Albuquerque,SEGUNDA TURMA,49809.77,CONCLUÍDO,AC,
2026-01-02,5191464-65.2023.4.01.3261,Agravo de Instrumento,Anthony Nogueira,QUINTA TURMA,16761.82,PENDENTE,PR,
2025-12-31,1818068-52.2025.4.01.3009,Agravo de Instrumento,Evelyn da Cruz,PRIMEIRA TURMA,26664.68,PENDENTE,AM,
2026-01-14,9805536-19.2025.4.01.3145,Agravo de Instrumento,Brayan Teixeira,SEGUNDA TURMA,35038.72,PENDENTE,PI,
2026-01-13,7458431-50.2022.4.01.3930,Execução Fiscal,Anthony Nogueira,PRIMEIRA SEÇÃO,41563.32,PENDENTE,BA,
2025-12-15,1876529-33.2021.4.01.3274,Apelação Cível,Brayan Teixeira,TERCEIRA TURMA,22171.25,PENDENTE,AM,
2025-12-28,4634851-27.2024.4.01.3030,Apelação Cível,Rafael Ramos,CORTE ESPECIAL,6789.09,CONCLUÍDO,AL,
2025-12-20,3418139-85.2020.4.01.3213,Agravo de Instrumento,Cecilia Costela,SEGUNDA SEÇÃO,46978.4,PENDENTE,AP,
2025-12-17,3063364-58.2024.4.01.3592,Agravo de Instrumento,Rafael Ramos,SEGUNDA TURMA,18389.21,PENDENTE,ES,
2025-12-30,3492977-17.2024.4.01.3197,Apelação Cível,Cecilia Costela,SEXTA TURMA,27323.87,PENDENTE,BA,
2026-01-06,2912613-58.2021.4.01.3980,Execução Fiscal,Anthony Nogueira,PRIMEIRA TURMA,33960.34,CONCLUÍDO,CE,
2025-12-20,1447090-43.2022.4.01.3094,Apelação Cível,Francisco da Paz,SEGUNDA TURMA,43648.4,PENDENTE,RO,
2025-12-25,1620349-11.2023.4.01.3074,Mandado de Segurança,Evelyn da Cruz,,32467.3,PENDENTE,MT,
2025-12-11,8474176-74.2024.4.01.3894,Execução Fiscal,Francisco da Paz,PRIMEIRA TURMA,30794.32,CONCLUÍDO,AC,
2025-12-14,6835493-78.2020.4.01.3866,Mandado de Segurança,Liz Guerra,CORTE ESPECIAL,12851.28,PENDENTE,RS,
2025-12-28,9862589-35.2022.4.01.3135,Mandado de Segurança,Rafael Ramos,QUARTA TURMA,13429.89,PENDENTE,"RJ",PI
2025-12-01,8031366-22.2021.4.01.3800,Execução Fiscal,Evelyn da Cruz, ,43856.56,CONCLUÍDO,AP,
2026-01-17,5640199-58.2025.4.01.3772,Execução Fiscal,Isabela da Paz,QUINTA TURMA,6753.42,PENDENTE,CE,
2026-01-08,8277778-77.2022.4.01.3172,Execução Fiscal,Cecilia Costela,SEXTA TURMA,18073.68,PENDENTE,"SP",SE
2026-01-26,9462966-48.2020.4.01.3957,Agravo de Instrumento,Brayan Teixeira,PRIMEIRA TURMA,35392.79,PENDENTE,"GO",PR
2026-01-01,4875133-22.2021.4.01.3529,Agravo de Instrumento,Liz Guerra,QUINTA TURMA,9163.13,PENDENTE,BA,
2025-12-16,3024362-82.2020.4.01.3472,Execução Fiscal,Isabela da Paz,SEGUNDA TURMA,34202.81,PENDENTE,PR,
2025-12-06,3932757-25.2023.4.01.3474,Agravo de Instrumento,Cecilia Costela,SEGUNDA TURMA,37289.45,PENDENTE,AL,
2026-01-10,6126138-21.2022.4.01.3641,Mandado de Segurança,Isabela da Paz,SEXTA TURMA,29277.21,PENDENTE,AP,
2025-12-31,7764604-89.2024.4.01.3803,Apelação Cível,Brayan Teixeira,QUARTA TURMA,14820.66,CONCLUÍDO,PA,
2026-01-13,1348750-68.2024.4.01.3736,Mandado de Segurança,Leonardo Sales,QUINTA TURMA,18304.79,CONCLUÍDO,MS,
2025-11-30,7013144-57.2020.4.01.3982,Execução Fiscal,Anthony Nogueira,Não Informado,14566.48,PENDENTE,RS,
2025-12-11,1713116-74.2025.4.01.3682,Apelação Cível,Anthony Nogueira,SEGUNDA TURMA,40830.93,PENDENTE,SE,
2026-01-08,1870643-68.2023.4.01.3754,Execução Fiscal,Luiz Miguel Albuquerque,PRIMEIRA SEÇÃO,48092.0,CONCLUÍDO,GO,
2026-01-18,1940987-85.2020.4.01.3308,Mandado de Segurança,Isabela da Paz,QUARTA TURMA,10891.99,PENDENTE,MS,
2026-01-07,3149892-31.2023.4.01.3140,Mandado de Segurança,Ana Laura Vargas,QUINTA TURMA,4923.48,PENDENTE,"PI",AL
2026-01-21,2869020-19.2021.4.01.3735,Agravo de Instrumento,Leonardo Sales,PRIMEIRA SEÇÃO,23335.45,PENDENTE,RO,
2026-01-03,3706724-57.2023.4.01.3024,Agravo de Instrumento,Luiz Miguel Albuquerque,SEXTA TURMA,11780.65,PENDENTE,PI,
2026-01-03,4139074-65.2020.4.01.3990,Mandado de Segurança,Luiz Miguel Albuquerque,CORTE ESPECIAL,25487.78,CONCLUÍDO,PA,
2026-01-13,1873343-32.2021.4.01.3318,Agravo de Instrumento,Leonardo Sales,CORTE ESPECIAL,48660.63,PENDENTE,MA,
2026-01-26,2880201-61.2022.4.01.3238,Mandado de Segurança,Liz Guerra,TERCEIRA TURMA,40552.96,PENDENTE,CE,
2025-12-30,3391366-76.2023.4.01.3585,Agravo de Instrumento,Cecilia Costela,QUINTA TURMA,14621.49,PENDENTE,PR,
2025-12-12,8920861-46.2021.4.01.3028,Apelação Cível,Brayan Teixeira,CORTE ESPECIAL,34293.72,CONCLUÍDO,GO,
2025-12-05,2529759-31.2023.4.01.3839,Execução Fiscal,Rafael Ramos,TERCEIRA SEÇÃO,11616.62,PENDENTE,GO,
2025-12-30,9745243-23.2025.4.01.3104,Mandado de Segurança,Anthony Nogueira,TERCEIRA SEÇÃO,20549.61,CONCLUÍDO,AC,
2026-01-20,1249489-86.2024.4.01.3468,Apelação Cível,Evelyn da Cruz,QUINTA TURMA,15676.85,PENDENTE,"AL",PB
2026-01-26,4037948-75.2024.4.01.3906,Apelação Cível,Liz Guerra,SEXTA TURMA,34706.53,PENDENTE,"MS",PR
2025-12-21,1374469-73.2021.4.01.3187,Apelação Cível,Brayan Teixeira,PRIMEIRA TURMA,21873.03,CONCLUÍDO,RO,
2025-11-29,1710490-88.2025.4.01.3965,Execução Fiscal,Liz Guerra,SEXTA TURMA,44470.21,PENDENTE,PR,
2026-01-08,4928000-12.2023.4.01.3768,Execução Fiscal,Anthony Nogueira,PRIMEIRA SEÇÃO,31014.82,CONCLUÍDO,PR,
2025-12-02,6814000-31.2024.4.01.3623,Agravo de Instrumento,Francisco da Paz,SEXTA TURMA,39700.8,PENDENTE,PB,
2026-01-15,2708087-82.2020.4.01.3780,Mandado de Segurança,Evelyn da Cruz,PRIMEIRA SEÇÃO,9114.71,PENDENTE,AP,
2026-01-27,3829978-32.2021.4.01.3439,Apelação Cível,Isabela da Paz,SEGUNDA SEÇÃO,44015.5,PENDENTE,SE,
2025-12-18,2270120-98.2022.4.01.3421,Execução Fiscal,Benjamin Moraes,PRIMEIRA SEÇÃO,29859.63,CONCLUÍDO,BA,
2025-11-29,6851129-67.2025.4.01.3898,Apelação Cível,Liz Guerra,SEGUNDA SEÇÃO,28622.25,PENDENTE,AP,
2025-12-28,6667299-65.2020.4.01.3436,Apelação Cível,Isabela da Paz, ,14108.37,CONCLUÍDO,SP,
2026-01-27,1010954-46.2025.4.01.3500,Execução Fiscal,Liz Guerra,TERCEIRA SEÇÃO,40432.05,PENDENTE,ES,
2025-12-28,7294281-46.2025.4.01.3465,Apelação Cível,Benjamin Moraes,CORTE ESPECIAL,6452.94,PENDENTE,PR,
2026-01-12,9634112-92.2023.4.01.3326,Execução Fiscal,Ana Laura Vargas,TERCEIRA SEÇÃO,9672.89,CONCLUÍDO,PI,
2026-01-07,8925471-11.2025.4.01.3678,Execução Fiscal,Leonardo Sales,QUINTA TURMA,41022.36,CONCLUÍDO,ES,
2026-01-25,8175269-26.2020.4.01.3626,Execução Fiscal,Luiz Miguel Albuquerque,SEGUNDA SEÇÃO,10217.19,CONCLUÍDO,AL,
2026-01-18,4187923-47.2020.4.01.3051,Agravo de Instrumento,Francisco da Paz,TERCEIRA TURMA,14324.99,PENDENTE,BA,
2026-01-16,7853432-12.2025.4.01.3355,Apelação Cível,Rafael Ramos,QUARTA TURMA,4784.96,CONCLUÍDO,RR,
2026-01-25,8803562-10.2023.4.01.3776,Agravo de Instrumento,Isabela da Paz,Não Informado,14354.18,PENDENTE,"AM",TO
2025-12-07,7139965-74.2023.4.01.3363,Execução Fiscal,Cecilia Costela,,2399.65,PENDENTE,PR,
2025-12-14,2960079-77.2023.4.01.3424,Mandado de Segurança,Cecilia Costela,QUARTA TURMA,31849.39,PENDENTE,"MG",MG
2025-12-23,3841267-17.2022.4.01.3297,Apelação Cível,Evelyn da Cruz,QUARTA TURMA,43426.59,PENDENTE,PB,
2025-12-30,3128531-21.2023.4.01.3537,Execução Fiscal,Liz Guerra,Não Informado,3900.16,CONCLUÍDO,ES,
2025-12-01,1717046-36.2021.4.01.3230,Mandado de Segurança,Brayan Teixeira,TERCEIRA SEÇÃO,3226.23,PENDENTE,SP,
2026-01-20,2209916-81.2022.4.01.3587,Mandado de Segurança,Cecilia Costela,TERCEIRA SEÇÃO,14015.35,CONCLUÍDO,GO,
2025-12-22,9874291-34.2021.4.01.3987,Mandado de Segurança,Benjamin Moraes,CORTE ESPECIAL,6927.24,PENDENTE,RO,
2025-12-27,5543734-62.2024.4.01.3176,Mandado de Segurança,Ana Laura Vargas,QUARTA TURMA,4302.65,CONCLUÍDO,"RR",AL
2025-12-20,1432456-34.2022.4.01.3609,Execução Fiscal,Brayan Teixeira,QUARTA TURMA,6343.68,PENDENTE,MS,
2025-12-22,1765021-36.2023.4.01.3719,Agravo de Instrumento,Isabela da Paz,QUINTA TURMA,25186.43,PENDENTE,TO,
2026-01-07,8736615-49.2021.4.01.3813,Agravo de Instrumento,Benjamin Moraes,SEGUNDA SEÇÃO,40275.28,CONCLUÍDO,RJ,
2025-12-18,4121706-71.2024.4.01.3179,Apelação Cível,Isabela da Paz,TERCEIRA TURMA,18821.13,CONCLUÍDO,AM,
2026-01-01,7035943-76.2023.4.01.3431,Agravo de Instrumento,Luiz Miguel Albuquerque,PRIMEIRA SEÇÃO,14904.84,CONCLUÍDO,TO,
2025-12-26,6367477-30.2022.4.01.3858,Apelação Cível,Anthony Nogueira,PRIMEIRA SEÇÃO,41201.87,PENDENTE,AM,
2025-12-21,2060921-92.2022.4.01.3428,Agravo de Instrumento,Leonardo Sales,QUARTA TURMA,2253.9,CONCLUÍDO,"RS",DF
2025-12-06,2845494-47.2025.4.01.3323,Apelação Cível,Luiz Miguel Albuquerque,TERCEIRA TURMA,19798.7,CONCLUÍDO,"AP",SE
2026-01-11,8739828-80.2024.4.01.3047,Execução Fiscal,Francisco da Paz,SEGUNDA SEÇÃO,30715.43,PENDENTE,TO,
2026-01-10,9248942-44.2020.4.01.3155,Agravo de Instrumento,Rafael Ramos,TERCEIRA SEÇÃO,25189.96,PENDENTE,RJ,
2026-01-07,3443963-58.2024.4.01.3108,Agravo de Instrumento,Ana Laura Vargas,TERCEIRA TURMA,8237.43,PENDENTE,PA,
2026-01-24,8208983-55.2024.4.01.3616,Mandado de Segurança,Francisco da Paz,PRIMEIRA SEÇÃO,25656.25,PENDENTE,RS,
2026-01-22,4452387-50.2025.4.01.3473,Execução Fiscal,Cecilia Costela,CORTE ESPECIAL,37559.24,PENDENTE,MT,
2025-12-13,1330470-80.2023.4.01.3663,Execução Fiscal,Benjamin Moraes,PRIMEIRA TURMA,13919.16,PENDENTE,SP,
2025-12-01,1955056-89.2021.4.01.3694,Mandado de Segurança,Luiz Miguel Albuquerque,SEXTA TURMA,12451.0,CONCLUÍDO,RN,
2026-01-06,3810550-87.2020.4.01.3214,Apelação Cível,Ana Laura Vargas,QUINTA TURMA,12541.32,PENDENTE,"AL",MT
2026-01-08,7578823-21.2020.4.01.3625,Apelação Cível,Liz Guerra,,1847.46,PENDENTE,MT,
2026-01-16,6954395-65.2020.4.01.3366,Agravo de Instrumento,Ana Laura Vargas,PRIMEIRA TURMA,1145.11,PENDENTE,"RS",SC
2026-01-24,2812847-64.2025.4.01.3805,Apelação Cível,Anthony Nogueira,SEGUNDA TURMA,23022.32,CONCLUÍDO,AM,
2025-12-08,7090801-21.2025.4.01.3301,Mandado de Segurança,Liz Guerra,PRIMEIRA SEÇÃO,54386.62,PENDENTE,PR,
2026-01-15,5671716-86.2025.4.01.3384,Mandado de Segurança,Isabela da Paz,SEGUNDA SEÇÃO,3526.56,PENDENTE,PI,
2025-12-10,8174339-66.2024.4.01.3067,Execução Fiscal,Rafael Ramos, ,17347.61,CONCLUÍDO,RN,
2025-12-23,7495779-80.2025.4.01.3355,Execução Fiscal,Anthony Nogueira,SEXTA TURMA,17690.9,CONCLUÍDO,BA,
2025-12-02,5576935-49.2022.4.01.3295,Apelação Cível,Leonardo Sales,PRIMEIRA SEÇÃO,47499.42,PENDENTE,RR,
2026-01-06,7220611-79.2023.4.01.3166,Agravo de Instrumento,Evelyn da Cruz,SEGUNDA TURMA,34914.38,PENDENTE,RO,
2025-12-16,6259146-34.2020.4.01.3726,Mandado de Segurança,Francisco da Paz,QUINTA TURMA,9074.54,CONCLUÍDO,MS,
2026-01-15,3887557-98.2020.4.01.3027,Execução Fiscal,Evelyn da Cruz,SEGUNDA TURMA,35524.83,CONCLUÍDO,GO,
2026-01-26,4211438-61.2024.4.01.3214,Apelação Cível,Francisco da Paz,QUARTA TURMA,32312.47,PENDENTE,"DF",SC
2025-12-22,4569945-94.2021.4.01.3974,Agravo de Instrumento,Liz Guerra,QUINTA TURMA,28628.11,PENDENTE,BA,
2025-12-27,2681651-51.2022.4.01.3678,Execução Fiscal,Leonardo Sales,SEGUNDA TURMA,31065.94,PENDENTE,SC,
2025-12-13,3214836-58.2025.4.01.3149,Agravo de Instrumento,Liz Guerra,TERCEIRA TURMA,33195.74,CONCLUÍDO,AP,
2025-12-11,4733634-91.2020.4.01.3843,Agravo de Instrumento,Brayan Teixeira,QUARTA TURMA,46099.17,PENDENTE,PI,
2025-12-30,8932303-77.2025.4.01.3736,Apelação Cível,Liz Guerra,QUINTA TURMA,19804.07,PENDENTE,RR,
2025-12-28,3258497-70.2021.4.01.3121,Mandado de Segurança,Luiz Miguel Albuquerque,PRIMEIRA TURMA,17044.45,PENDENTE,SE,
2025-12-11,1770658-39.2020.4.01.3503,Mandado de Segurança,Liz Guerra,PRIMEIRA SEÇÃO,25120.71,PENDENTE,GO,
2025-12-31,1806687-87.2025.4.01.3503,Agravo de Instrumento,Francisco da Paz,PRIMEIRA SEÇÃO,38034.88,PENDENTE,ES,
2025-12-14,3008921-38.2022.4.01.3217,Apelação Cível,Liz Guerra,SEGUNDA TURMA,19145.29,PENDENTE,PR,
2026-01-21,3922168-78.2021.4.01.3001,Execução Fiscal,Benjamin Moraes,PRIMEIRA SEÇÃO,7408.65,PENDENTE,PB,
2026-01-26,3458572-85.2022.4.01.3945,Apelação Cível,Luiz Miguel Albuquerque,CORTE ESPECIAL,2488.16,CONCLUÍDO,DF,
2026-01-07,6913308-65.2020.4.01.3534,Agravo de Instrumento,Evelyn da Cruz,PRIMEIRA TURMA,46941.22,PENDENTE,GO,
2025-12-13,1540885-17.2024.4.01.3567,Agravo de Instrumento,Francisco da Paz,TERCEIRA TURMA,16479.25,PENDENTE,AC,
2025-12-31,4507518-40.2021.4.01.3953,Apelação Cível,Benjamin Moraes,QUINTA TURMA,17093.3,PENDENTE,DF,
2026-01-06,9510650-41.2020.4.01.3181,Mandado de Segurança,Anthony Nogueira,TERCEIRA SEÇÃO,53276.39,CONCLUÍDO,MG,
2025-12-03,2159659-77.2021.4.01.3039,Execução Fiscal,Anthony Nogueira,SEXTA TURMA,35279.18,PENDENTE,MG,
2026-01-12,3737412-52.2023.4.01.3440,Apelação Cível,Isabela da Paz,QUARTA TURMA,11342.58,CONCLUÍDO,PR,
2026-01-25,1109778-92.2021.4.01.3788,Apelação Cível,Francisco da Paz,SEXTA TURMA,22112.32,PENDENTE,PB,
2026-01-08,3267447-69.2021.4.01.3122,Apelação Cível,Anthony Nogueira,PRIMEIRA SEÇÃO,5801.14,PENDENTE,RN,
2026-01-20,1644590-75.2024.4.01.3630,Apelação Cível,Luiz Miguel Albuquerque,QUINTA TURMA,25535.52,PENDENTE,RR,
2026-01-03,7962118-18.2024.4.01.3773,Execução Fiscal,Brayan Teixeira,TERCEIRA SEÇÃO,45811.84,PENDENTE,RS,
2025-12-21,3900802-87.2021.4.01.3580,Agravo de Instrumento,Isabela da Paz,PRIMEIRA TURMA,38986.16,PENDENTE,RN,
2025-12-14,5201594-15.2023.4.01.3671,Execução Fiscal,Leonardo Sales,QUARTA TURMA,17201.39,CONCLUÍDO,DF,
2025-12-11,1151788-50.2025.4.01.3637,Agravo de Instrumento,Leonardo Sales,TERCEIRA SEÇÃO,26038.7,PENDENTE,AL,
2026-01-06,4038513-24.2024.4.01.3787,Execução Fiscal,Anthony Nogueira,TERCEIRA SEÇÃO,33947.87,PENDENTE,RJ,
2026-01-21,7843228-38.2025.4.01.3297,Execução Fiscal,Isabela da Paz,QUARTA TURMA,23999.17,CONCLUÍDO,SC,
2026-01-11,7631785-99.2020.4.01.3797,Mandado de Segurança,Liz Guerra,TERCEIRA SEÇÃO,33010.53,CONCLUÍDO,GO,
2026-01-03,6009237-71.2023.4.01.3553,Apelação Cível,Luiz Miguel Albuquerque,SEGUNDA TURMA,20947.12,PENDENTE,MA,
2025-12-05,5758840-84.2022.4.01.3201,Mandado de Segurança,Ana Laura Vargas,CORTE ESPECIAL,40685.33,CONCLUÍDO,PB,
2026-01-25,7122746-92.2020.4.01.3037,Agravo de Instrumento,Ana Laura Vargas,TERCEIRA TURMA,2658.35,PENDENTE,PI,
2025-12-24,4923709-91.2020.4.01.3516,Apelação Cível,Francisco da Paz,TERCEIRA SEÇÃO,42618.67,PENDENTE,RO,
2026-01-01,6817035-77.2020.4.01.3662,Agravo de Instrumento,Luiz Miguel Albuquerque,SEXTA TURMA,17363.12,PENDENTE,RJ,
2026-01-16,2048650-30.2020.4.01.3092,Apelação Cível,Rafael Ramos,QUARTA TURMA,36491.26,PENDENTE,AL,
2026-01-02,6334051-50.2020.4.01.3339,Execução Fiscal,Luiz Miguel Albuquerque,TERCEIRA SEÇÃO,29808.07,CONCLUÍDO,AC,
2026-01-14,4743080-27.2020.4.01.3042,Execução Fiscal,Leonardo Sales,SEGUNDA SEÇÃO,31902.93,CONCLUÍDO,AM,
2026-01-10,6361339-71.2023.4.01.3535,Agravo de Instrumento,Luiz Miguel Albuquerque,CORTE ESPECIAL,53624.59,CONCLUÍDO,AP,
2026-01-27,9224331-34.2020.4.01.3716,Agravo de Instrumento,Isabela da Paz,SEGUNDA SEÇÃO,14835.91,PENDENTE,BA,
2025-12-10,5557792-18.2020.4.01.3528,Execução Fiscal,Leonardo Sales,QUARTA TURMA,19279.57,PENDENTE,MA,
2026-01-03,7223399-51.2024.4.01.3386,Apelação Cível,Liz Guerra,SEGUNDA TURMA,36769.67,CONCLUÍDO,PA,
2026-01-04,4517243-91.2024.4.01.3774,Apelação Cível,Liz Guerra,PRIMEIRA TURMA,22379.43,PENDENTE,"AM",BA
2026-01-22,5040746-11.2025.4.01.3347,Agravo de Instrumento,Brayan Teixeira,QUINTA TURMA,30316.24,PENDENTE,CE,
2025-12-31,7164660-18.2024.4.01.3731,Apelação Cível,Leonardo Sales,TERCEIRA TURMA,48795.92,PENDENTE,DF,
2025-12-19,2899142-65.2022.4.01.3583,Execução Fiscal,Benjamin Moraes,PRIMEIRA TURMA,24500.01,CONCLUÍDO,PB,
2026-01-13,6663867-33.2021.4.01.3616,Mandado de Segurança,Rafael Ramos,TERCEIRA TURMA,32033.13,CONCLUÍDO,AP,
2025-12-01,6133845-65.2024.4.01.3846,Mandado de Segurança,Isabela da Paz,PRIMEIRA SEÇÃO,27551.72,PENDENTE,GO,
2026-01-23,7402795-52.2023.4.01.3324,Agravo de Instrumento,Luiz Miguel Albuquerque,CORTE ESPECIAL,50662.13,CONCLUÍDO,MS,
2025-12-17,9108404-42.2024.4.01.3827,Mandado de Segurança,Isabela da Paz,SEGUNDA SEÇÃO,9141.69,CONCLUÍDO,AC,
2025-12-11,9121632-28.2020.4.01.3910,Mandado de Segurança,Isabela da Paz,CORTE ESPECIAL,39749.15,PENDENTE,PB,
2025-12-10,8333534-91.2022.4.01.3804,Agravo de Instrumento,Isabela da Paz,QUARTA TURMA,23569.72,PENDENTE,BA,
2025-12-17,8350578-11.2020.4.01.3916,Mandado de Segurança,Rafael Ramos,PRIMEIRA TURMA,18651.52,PENDENTE,RS,
2025-12-01,9602043-24.2024.4.01.3291,Mandado de Segurança,Rafael Ramos,TERCEIRA SEÇÃO,39594.25,PENDENTE,SE,
2025-12-20,4797463-75.2024.4.01.3985,Mandado de Segurança,Benjamin Moraes,CORTE ESPECIAL,35332.69,PENDENTE,PA,
2025-12-31,9842492-70.2021.4.01.3651,Apelação Cível,Rafael Ramos,PRIMEIRA SEÇÃO,12515.25,PENDENTE,"GO",MG
2025-12-28,2416633-78.2022.4.01.3713,Apelação Cível,Evelyn da Cruz,SEGUNDA TURMA,31068.39,PENDENTE,AL,
2026-01-04,6281015-21.2020.4.01.3527,Agravo de Instrumento,Cecilia Costela,CORTE ESPECIAL,8212.43,PENDENTE,AP,
2026-01-14,8607894-96.2022.4.01.3631,Apelação Cível,Leonardo Sales,SEGUNDA TURMA,18852.82,PENDENTE,"AM",SC
2025-12-05,3091646-87.2020.4.01.3394,Mandado de Segurança,Francisco da Paz,QUINTA TURMA,44620.7,CONCLUÍDO,RR,
2026-01-23,1755495-76.2022.4.01.3429,Agravo de Instrumento,Anthony Nogueira,SEGUNDA TURMA,20565.07,PENDENTE,RO,
2025-12-17,5269236-33.2025.4.01.3420,Mandado de Segurança,Ana Laura Vargas,Não Informado,1060.66,CONCLUÍDO,PE,
2025-12-19,2777127-17.2021.4.01.3542,Agravo de Instrumento,Brayan Teixeira,SEGUNDA TURMA,54463.04,PENDENTE,BA,
2025-12-19,5596681-19.2021.4.01.3327,Mandado de Segurança,Ana Laura Vargas,CORTE ESPECIAL,8539.15,PENDENTE,MA,
2025-12-03,7639445-91.2023.4.01.3219,Agravo de Instrumento,Cecilia Costela,TERCEIRA TURMA,41713.61,PENDENTE,RR,
2025-12-20,2396536-65.2022.4.01.3225,Apelação Cível,Luiz Miguel Albuquerque,PRIMEIRA SEÇÃO,21484.79,CONCLUÍDO,MT,
2025-12-18,1727884-81.2020.4.01.3868,Apelação Cível,Rafael Ramos,TERCEIRA SEÇÃO,2635.28,PENDENTE,MG,
2025-12-10,6265842-47.2025.4.01.3361,Mandado de Segurança,Benjamin Moraes,CORTE ESPECIAL,47989.52,PENDENTE,AM,
2026-01-18,5231473-64.2021.4.01.3835,Mandado de Segurança,Evelyn da Cruz,CORTE ESPECIAL,19124.54,CONCLUÍDO,MT,
2026-01-25,4160618-89.2020.4.01.3483,Execução Fiscal,Brayan Teixeira,SEGUNDA TURMA,52349.4,PENDENTE,PI,
2025-12-12,8570125-73.2021.4.01.3274,Agravo de Instrumento,Isabela da Paz,TERCEIRA SEÇÃO,16115.19,CONCLUÍDO,MT,
2026-01-08,7837868-94.2023.4.01.3449,Agravo de Instrumento,Brayan Teixeira,TERCEIRA TURMA,25501.36,CONCLUÍDO,RS,
2026-01-20,1476380-65.2022.4.01.3064,Apelação Cível,Cecilia Costela,PRIMEIRA SEÇÃO,47089.01,PENDENTE,PI,
2025-12-21,8557424-43.2021.4.01.3103,Mandado de Segurança,Rafael Ramos,PRIMEIRA SEÇÃO,44422.5,PENDENTE,AP,
2025-12-12,2861949-80.2024.4.01.3887,Agravo de Instrumento,Isabela da Paz,QUARTA TURMA,35059.82,CONCLUÍDO,SC,
2025-12-09,7652786-67.2024.4.01.3919,Mandado de Segurança,Brayan Teixeira,SEGUNDA SEÇÃO,38863.97,PENDENTE,TO,
2026-01-12,8492033-92.2024.4.01.3344,Agravo de Instrumento,Ana Laura Vargas,CORTE ESPECIAL,44018.66,PENDENTE,"AP",PI
2026-01-27,4545461-63.2024.4.01.3426,Execução Fiscal,Benjamin Moraes,QUINTA TURMA,21707.32,PENDENTE,PB,
2025-12-26,8004593-49.2020.4.01.3142,Agravo de Instrumento,Ana Laura Vargas,SEGUNDA TURMA,4542.76,CONCLUÍDO,RS,
2026-01-27,1000654-71.2022.4.01.3749,Execução Fiscal,Evelyn da Cruz,PRIMEIRA TURMA,33995.79,PENDENTE,MG,
2026-01-24,1049323-31.2025.4.01.3455,Apelação Cível,Francisco da Paz,QUINTA TURMA,37046.75,PENDENTE,SE,
2025-12-09,4069484-86.2024.4.01.3725,Apelação Cível,Francisco da Paz,PRIMEIRA TURMA,43800.62,CONCLUÍDO,AM,
2025-12-09,4382747-51.2020.4.01.3715,Apelação Cível,Anthony Nogueira,CORTE ESPECIAL,22956.39,CONCLUÍDO,BA,
2026-01-05,7727993-15.2024.4.01.3850,Execução Fiscal,Francisco da Paz,SEXTA TURMA,10532.36,PENDENTE,MS,
2026-01-05,1975886-18.2025.4.01.3332,Apelação Cível,Evelyn da Cruz,SEXTA TURMA,37788.27,CONCLUÍDO,MT,
2025-12-27,8638585-32.2023.4.01.3613,Mandado de Segurança,Liz Guerra,QUARTA TURMA,7816.44,CONCLUÍDO,PR,
2026-01-26,8888717-13.2021.4.01.3484,Mandado de Segurança,Anthony Nogueira,CORTE ESPECIAL,37722.57,CONCLUÍDO,AC,
2026-01-26,4754445-80.2025.4.01.3895,Mandado de Segurança,Ana Laura Vargas,PRIMEIRA TURMA,19058.74,CONCLUÍDO,SE,
2025-12-29,6920673-91.2020.4.01.3702,Agravo de Instrumento,Rafael Ramos,SEGUNDA TURMA,3264.21,CONCLUÍDO,GO,
2026-01-06,9061538-97.2025.4.01.3050,Execução Fiscal,Isabela da Paz,TERCEIRA TURMA,7932.62,CONCLUÍDO,PR,
2026-01-10,8595965-55.2023.4.01.3189,Execução Fiscal,Isabela da Paz,CORTE ESPECIAL,32674.04,CONCLUÍDO,AL,
2025-12-06,2603120-99.2024.4.01.3733,Execução Fiscal,Isabela da Paz,SEGUNDA TURMA,3182.81,PENDENTE,TO,
2026-01-12,2724264-45.2020.4.01.3420,Mandado de Segurança,Liz Guerra,PRIMEIRA SEÇÃO,16859.24,PENDENTE,MS,
2025-12-04,5425988-42.2020.4.01.3914,Mandado de Segurança,Liz Guerra,SEXTA TURMA,49952.01,CONCLUÍDO,RN,
2025-12-20,7437139-98.2025.4.01.3918,Execução Fiscal,Anthony Nogueira,PRIMEIRA TURMA,40305.9,PENDENTE,RR,
2025-12-04,8215475-47.2022.4.01.3939,Agravo de Instrumento,Ana Laura Vargas,QUARTA TURMA,22477.94,CONCLUÍDO,"SC",DF
2025-12-13,2821641-32.2021.4.01.3011,Agravo de Instrumento,Isabela da Paz,CORTE ESPECIAL,21239.76,PENDENTE,GO,
2025-12-26,8890386-27.2021.4.01.3700,Apelação Cível,Luiz Miguel Albuquerque,PRIMEIRA SEÇÃO,20299.14,PENDENTE,SC,
2026-01-04,6908539-52.2021.4.01.3707,Apelação Cível,Brayan Teixeira,TERCEIRA SEÇÃO,47908.81,CONCLUÍDO,GO,
2025-12-15,8832879-48.2021.4.01.3013,Agravo de Instrumento,Brayan Teixeira,PRIMEIRA TURMA,18035.89,CONCLUÍDO,GO,
2026-01-12,8543801-85.2021.4.01.3797,Execução Fiscal,Anthony Nogueira,PRIMEIRA TURMA,20191.61,PENDENTE,RS,
2025-12-21,1373052-81.2025.4.01.3811,Mandado de Segurança,Benjamin Moraes,PRIMEIRA SEÇÃO,39613.67,CONCLUÍDO,ES,
2026-01-24,5797280-35.2022.4.01.3524,Agravo de Instrumento,Isabela da Paz,PRIMEIRA TURMA,47859.52,PENDENTE,ES,
2026-01-05,7231235-49.2025.4.01.3960,Execução Fiscal,Leonardo Sales,SEGUNDA SEÇÃO,41539.17,CONCLUÍDO,"PR",PI
2025-12-09,4567067-43.2023.4.01.3173,Execução Fiscal,Anthony Nogueira,CORTE ESPECIAL,25470.76,PENDENTE,SE,
2025-12-11,7894786-84.2023.4.01.3349,Apelação Cível,Evelyn da Cruz,PRIMEIRA SEÇÃO,4236.35,PENDENTE,CE,
2025-12-21,2892952-24.2022.4.01.3585,Execução Fiscal,Rafael Ramos,SEGUNDA TURMA,3811.83,CONCLUÍDO,MS,
2025-12-31,6180689-54.2025.4.01.3057,Agravo de Instrumento,Francisco da Paz,SEGUNDA TURMA,34407.3,PENDENTE,SP,
2025-12-25,6062564-83.2023.4.01.3162,Agravo de Instrumento,Ana Laura Vargas,SEGUNDA TURMA,15984.49,PENDENTE,"MS",RJ
2026-01-09,3397919-87.2020.4.01.3652,Mandado de Segurança,Brayan Teixeira,PRIMEIRA TURMA,41428.31,CONCLUÍDO,MS,
2026-01-13,1323873-32.2025.4.01.3978,Apelação Cível,Francisco da Paz,QUARTA TURMA,27972.69,PENDENTE,RR,
2025-12-04,8833748-50.2022.4.01.3208,Mandado de Segurança,Brayan Teixeira,SEXTA TURMA,9181.29,PENDENTE,AL,
2025-12-18,1838048-69.2021.4.01.3268,Agravo de Instrumento,Rafael Ramos,QUARTA TURMA,21768.18,PENDENTE,PA,
2026-01-22,7318614-31.2023.4.01.3199,Agravo de Instrumento,Benjamin Moraes, ,3791.85,PENDENTE,RN,
2025-12-30,9772870-75.2022.4.01.3756,Mandado de Segurança,Cecilia Costela,SEGUNDA TURMA,36505.47,PENDENTE,RS,
2025-12-09,9929094-17.2022.4.01.3544,Execução Fiscal,Liz Guerra,QUINTA TURMA,33171.9,PENDENTE,MT,
2026-01-26,1879040-38.2023.4.01.3734,Agravo de Instrumento,Brayan Teixeira,PRIMEIRA TURMA,53119.13,CONCLUÍDO,AM,
2026-01-05,6940809-93.2025.4.01.3290,Agravo de Instrumento,Liz Guerra,TERCEIRA TURMA,25087.33,CONCLUÍDO,MA,
2026-01-05,8934589-37.2020.4.01.3780,Mandado de Segurança,Evelyn da Cruz,SEXTA TURMA,53163.76,CONCLUÍDO,RR,
2026-01-05,8222217-18.2024.4.01.3125,Execução Fiscal,Francisco da Paz,SEGUNDA TURMA,22695.89,PENDENTE,RJ,
2025-12-10,4442143-90.2020.4.01.3728,Mandado de Segurança,Anthony Nogueira,QUINTA TURMA,3061.2,CONCLUÍDO,RJ,
2025-12-22,9081184-25.2020.4.01.3338,Agravo de Instrumento,Anthony Nogueira,SEGUNDA TURMA,29226.31,PENDENTE,SC,
2025-12-18,7790739-38.2025.4.01.3611,Mandado de Segurança,Liz Guerra,SEGUNDA TURMA,18221.11,PENDENTE,MS,
2025-12-07,9528279-63.2020.4.01.3932,Agravo de Instrumento,Liz Guerra,PRIMEIRA TURMA,18278.27,PENDENTE,ES,
2025-12-26,4256237-59.2023.4.01.3907,Mandado de Segurança,Francisco da Paz,SEGUNDA SEÇÃO,39787.94,CONCLUÍDO,AP,
2026-01-12,3777932-35.2024.4.01.3900,Apelação Cível,Leonardo Sales,QUINTA TURMA,49454.09,CONCLUÍDO,RN,
2025-12-04,7220936-18.2024.4.01.3773,Mandado de Segurança,Francisco da Paz,QUARTA TURMA,40280.84,CONCLUÍDO,MS,
2025-12-01,5982231-73.2021.4.01.3346,Mandado de Segurança,Liz Guerra,QUINTA TURMA,17593.41,PENDENTE,RR,
2025-12-01,1491022-61.2021.4.01.3596,Agravo de Instrumento,Ana Laura Vargas,QUARTA TURMA,6562.21,PENDENTE,"PR",PB
2026-01-14,3021461-43.2020.4.01.3953,Apelação Cível,Brayan Teixeira,CORTE ESPECIAL,28119.98,CONCLUÍDO,RJ,
2025-12-12,7811598-79.2024.4.01.3406,Apelação Cível,Francisco da Paz,Não Informado,14823.98,PENDENTE,CE,
2025-12-28,5707896-23.2023.4.01.3086,Apelação Cível,Ana Laura Vargas,TERCEIRA SEÇÃO,30851.08,CONCLUÍDO,PI,
2026-01-25,5688176-84.2022.4.01.3593,Apelação Cível,Ana Laura Vargas,PRIMEIRA SEÇÃO,2718.25,CONCLUÍDO,AP,
2025-12-04,1335704-42.2020.4.01.3316,Agravo de Instrumento,Anthony Nogueira,SEGUNDA TURMA,25889.06,CONCLUÍDO,DF,
2025-12-17,1759816-87.2025.4.01.3728,Execução Fiscal,Benjamin Moraes, ,5482.73,PENDENTE,GO,
2026-01-01,1120442-24.2021.4.01.3629,Agravo de Instrumento,Rafael Ramos,PRIMEIRA SEÇÃO,45775.21,CONCLUÍDO,ES,
2025-12-21,2461045-86.2020.4.01.3563,Mandado de Segurança,Benjamin Moraes,QUARTA TURMA,43577.32,PENDENTE,CE,
2026-01-26,1205833-87.2022.4.01.3199,Apelação Cível,Rafael Ramos,QUINTA TURMA,51816.96,CONCLUÍDO,PA,
2026-01-07,1924150-83.2021.4.01.3493,Apelação Cível,Anthony Nogueira,QUARTA TURMA,30893.97,PENDENTE,AC,
2026-01-12,2167002-93.2025.4.01.3741,Mandado de Segurança,Cecilia Costela,SEXTA TURMA,21710.73,PENDENTE,AC,
2025-12-11,3682113-61.2024.4.01.3704,Execução Fiscal,Rafael Ramos,PRIMEIRA SEÇÃO,42762.35,CONCLUÍDO,BA,
2026-01-21,3731820-34.2025.4.01.3562,Mandado de Segurança,Benjamin Moraes,CORTE ESPECIAL,40489.18,PENDENTE,RN,
2025-11-30,9934800-88.2020.4.01.3807,Mandado de Segurança,Anthony Nogueira, ,36714.76,PENDENTE,RJ,
2025-12-26,6919153-25.2021.4.01.3102,Apelação Cível,Isabela da Paz,PRIMEIRA SEÇÃO,35323.81,PENDENTE,RO,
2025-12-10,9860902-64.2020.4.01.3630,Agravo de Instrumento,Evelyn da Cruz,QUARTA TURMA,17838.19,PENDENTE,PA,
2025-12-30,3484187-44.2022.4.01.3710,Apelação Cível,Isabela da Paz,QUINTA TURMA,44539.32,CONCLUÍDO,"SP",PI
2026-01-09,5841587-49.2022.4.01.3825,Mandado de Segurança,Luiz Miguel Albuquerque,PRIMEIRA SEÇÃO,12527.85,CONCLUÍDO,PR,
2025-12-23,4731157-51.2022.4.01.3788,Agravo de Instrumento,Evelyn da Cruz,TERCEIRA TURMA,32528.06,PENDENTE,RN,
2025-12-21,3798745-42.2023.4.01.3499,Agravo de Instrumento,Isabela da Paz,QUARTA TURMA,31079.06,PENDENTE,"SC",RJ
2026-01-23,8558355-37.2023.4.01.3661,Agravo de Instrumento,Rafael Ramos,TERCEIRA SEÇÃO,14387.07,CONCLUÍDO,SC,
2026-01-12,9549781-34.2022.4.01.3902,Apelação Cível,Liz Guerra,PRIMEIRA TURMA,26293.56,CONCLUÍDO,BA,
2026-01-02,9349282-24.2022.4.01.3499,Mandado de Segurança,Luiz Miguel Albuquerque,CORTE ESPECIAL,17428.34,PENDENTE,"RO",ES
2026-01-15,1649042-91.2022.4.01.3333,Agravo de Instrumento,Rafael Ramos,TERCEIRA TURMA,10001.48,PENDENTE,RR,
2025-12-24,3441601-78.2023.4.01.3796,Apelação Cível,Ana Laura Vargas,SEGUNDA TURMA,24031.35,PENDENTE,AC,
2025-11-29,3010236-74.2025.4.01.3137,Execução Fiscal,Ana Laura Vargas,QUINTA TURMA,23287.56,PENDENTE,DF,
2025-12-15,1150177-99.2025.4.01.3614,Apelação Cível,Liz Guerra,PRIMEIRA SEÇÃO,41312.04,CONCLUÍDO,AM,
2026-01-03,7295325-92.2024.4.01.3662,Mandado de Segurança,Anthony Nogueira,TERCEIRA TURMA,10088.81,CONCLUÍDO,AP,
2025-11-30,1713941-56.2024.4.01.3845,Agravo de Instrumento,Cecilia Costela,QUINTA TURMA,41364.22,PENDENTE,ES,
2025-12-07,1259497-38.2024.4.01.3814,Agravo de Instrumento,Brayan Teixeira,QUARTA TURMA,7874.24,PENDENTE,CE,
2025-12-30,2715453-16.2020.4.01.3469,Agravo de Instrumento,Brayan Teixeira,SEGUNDA SEÇÃO,41550.0,PENDENTE,AC,
2025-12-25,4674010-68.2025.4.01.3541,Execução Fiscal,Cecilia Costela,TERCEIRA TURMA,33884.94,PENDENTE,PI,
2025-12-06,5617790-32.2022.4.01.3157,Apelação Cível,Luiz Miguel Albuquerque,PRIMEIRA SEÇÃO,13204.22,CONCLUÍDO,MG,
2026-01-14,9903392-94.2023.4.01.3028,Execução Fiscal,Liz Guerra,SEGUNDA SEÇÃO,53214.81,PENDENTE,PI,
2026-01-17,8723547-33.2025.4.01.3547,Agravo de Instrumento,Isabela da Paz,PRIMEIRA SEÇÃO,19349.26,PENDENTE,RS,
2026-01-26,9773392-17.2020.4.01.3775,Agravo de Instrumento,Brayan Teixeira,PRIMEIRA TURMA,37897.49,PENDENTE,PA,
2025-12-17,5693773-70.2022.4.01.3400,Mandado de Segurança,Anthony Nogueira,SEGUNDA TURMA,22154.17,PENDENTE,MA,
2025-12-13,6427248-41.2022.4.01.3535,Apelação Cível,Benjamin Moraes,QUARTA TURMA,29517.1,PENDENTE,DF,
2025-12-03,1479632-30.2022.4.01.3618,Apelação Cível,Cecilia Costela,TERCEIRA SEÇÃO,38563.5,PENDENTE,BA,
2025-12-05,6526813-17.2020.4.01.3321,Agravo de Instrumento,Cecilia Costela,SEGUNDA SEÇÃO,17078.93,PENDENTE,PI,
2025-11-30,7192414-54.2025.4.01.3955,Mandado de Segurança,Liz Guerra,,29893.76,PENDENTE,RN,
2026-01-26,9210023-61.2020.4.01.3862,Apelação Cível,Benjamin Moraes,TERCEIRA SEÇÃO,36154.75,PENDENTE,MA,
2026-01-06,9277914-84.2021.4.01.3249,Execução Fiscal,Evelyn da Cruz,SEGUNDA TURMA,52194.23,PENDENTE,DF,
2026-01-24,2455265-66.2021.4.01.3090,Agravo de Instrumento,Cecilia Costela,CORTE ESPECIAL,31371.15,CONCLUÍDO,MS,
2025-12-21,2794378-27.2021.4.01.3268,Execução Fiscal,Isabela da Paz,TERCEIRA SEÇÃO,13294.64,PENDENTE,SE,
2025-12-05,9772754-81.2021.4.01.3516,Agravo de Instrumento,Brayan Teixeira,QUARTA TURMA,15195.95,CONCLUÍDO,MA,
2026-01-16,4775665-67.2023.4.01.3444,Apelação Cível,Benjamin Moraes,PRIMEIRA SEÇÃO,34144.25,CONCLUÍDO,PB,
2025-12-12,4676904-14.2024.4.01.3861,Mandado de Segurança,Leonardo Sales,SEXTA TURMA,41160.49,PENDENTE,"SE",AP
2026-01-09,1499886-91.2025.4.01.3717,Apelação Cível,Cecilia Costela,Não Informado,6019.08,PENDENTE,GO,
2025-11-29,7163038-64.2022.4.01.3903,Apelação Cível,Isabela da Paz,TERCEIRA SEÇÃO,34926.38,CONCLUÍDO,CE,
2025-12-04,8053530-64.2022.4.01.3043,Apelação Cível,Luiz Miguel Albuquerque,TERCEIRA SEÇÃO,30415.77,CONCLUÍDO,MG,
2025-12-09,7508550-63.2023.4.01.3300,Execução Fiscal,Leonardo Sales,SEGUNDA TURMA,41675.01,PENDENTE,PA,
2025-12-21,5600186-17.2021.4.01.3295,Mandado de Segurança,Luiz Miguel Albuquerque,TERCEIRA SEÇÃO,18100.9,CONCLUÍDO,SP,
2026-01-17,5583808-72.2021.4.01.3267,Agravo de Instrumento,Rafael Ramos,PRIMEIRA TURMA,18388.91,CONCLUÍDO,RJ,
2026-01-03,9790416-35.2023.4.01.3662,Apelação Cível,Leonardo Sales,SEGUNDA SEÇÃO,19558.51,PENDENTE,PI,
2025-12-24,1193845-11.2025.4.01.3398,Apelação Cível,Evelyn da Cruz,CORTE ESPECIAL,20881.34,PENDENTE,RS,
2026-01-27,4001996-11.2025.4.01.3469,Apelação Cível,Liz Guerra,SEGUNDA TURMA,32546.07,CONCLUÍDO,PE,
2026-01-11,3202087-18.2023.4.01.3295,Apelação Cível,Brayan Teixeira,QUARTA TURMA,14932.67,CONCLUÍDO,RJ,
2025-12-10,5900703-51.2024.4.01.3867,Execução Fiscal,Luiz Miguel Albuquerque,TERCEIRA TURMA,41036.18,PENDENTE,AC,
2025-12-03,7174736-32.2023.4.01.3321,Execução Fiscal,Brayan Teixeira,TERCEIRA TURMA,22242.08,PENDENTE,BA,
2026-01-23,2752983-69.2021.4.01.3085,Mandado de Segurança,Rafael Ramos,CORTE ESPECIAL,29477.25,CONCLUÍDO,"RJ",MA
2026-01-07,7020876-85.2021.4.01.3666,Execução Fiscal,Luiz Miguel Albuquerque,SEGUNDA SEÇÃO,40677.9,PENDENTE,MA,
2026-01-25,5587198-20.2024.4.01.3584,Agravo de Instrumento,Brayan Teixeira,CORTE ESPECIAL,35339.18,CONCLUÍDO,SE,
2025-12-14,3384448-64.2020.4.01.3609,Apelação Cível,Anthony Nogueira,SEGUNDA SEÇÃO,12334.31,PENDENTE,AC,
2026-01-08,9720991-48.2023.4.01.3143,Mandado de Segurança,Isabela da Paz,SEXTA TURMA,7729.6,PENDENTE,MG,
2026-01-07,6891696-82.2025.4.01.3085,Execução Fiscal,Francisco da Paz,TERCEIRA TURMA,7043.05,PENDENTE,"CE",BA
2026-01-17,4413233-19.2021.4.01.3659,Agravo de Instrumento,Luiz Miguel Albuquerque,TERCEIRA TURMA,4196.84,CONCLUÍDO,SE,
2026-01-02,4967448-94.2020.4.01.3489,Mandado de Segurança,Anthony Nogueira,QUINTA TURMA,13353.18,PENDENTE,"DF",RR
2025-12-12,9238636-75.2021.4.01.3450,Agravo de Instrumento,Leonardo Sales,CORTE ESPECIAL,7586.53,CONCLUÍDO,PI,
2025-12-12,9177076-16.2021.4.01.3049,Agravo de Instrumento,Rafael Ramos,QUINTA TURMA,32863.92,PENDENTE,AM,
2025-11-30,9298514-90.2023.4.01.3683,Mandado de Segurança,Brayan Teixeira,QUINTA TURMA,36623.2,PENDENTE,"MT",AL
2025-12-28,5575655-72.2022.4.01.3370,Mandado de Segurança,Brayan Teixeira,QUARTA TURMA,18495.73,PENDENTE,MG,
2026-01-15,1608762-86.2025.4.01.3845,Agravo de Instrumento,Ana Laura Vargas,QUARTA TURMA,4740.5,PENDENTE,SC,
2026-01-20,4903815-29.2024.4.01.3608,Apelação Cível,Evelyn da Cruz,QUARTA TURMA,36194.64,PENDENTE,ES,
2026-01-04,2341473-25.2025.4.01.3767,Execução Fiscal,Francisco da Paz,QUINTA TURMA,29615.86,PENDENTE,RJ,
2025-12-04,6783525-50.2023.4.01.3951,Agravo de Instrumento,Evelyn da Cruz,PRIMEIRA SEÇÃO,46556.88,CONCLUÍDO,MS,
2025-12-25,7856345-96.2021.4.01.3789,Execução Fiscal,Luiz Miguel Albuquerque,TERCEIRA TURMA,27429.27,PENDENTE,MT,
2025-12-10,2696563-90.2023.4.01.3917,Apelação Cível,Liz Guerra,PRIMEIRA TURMA,19737.6,PENDENTE,DF,
2026-01-20,3451792-28.2024.4.01.3380,Agravo de Instrumento,Liz Guerra,PRIMEIRA TURMA,47297.11,PENDENTE,RJ,
2026-01-13,7977857-58.2023.4.01.3492,Apelação Cível,Benjamin Moraes,,54909.53,PENDENTE,TO,
2025-12-16,8539078-16.2022.4.01.3327,Apelação Cível,Rafael Ramos,PRIMEIRA SEÇÃO,4646.69,PENDENTE,AC,
2026-01-17,1946482-99.2020.4.01.3711,Agravo de Instrumento,Anthony Nogueira,PRIMEIRA SEÇÃO,11214.72,PENDENTE,ES,
2026-01-03,6259858-58.2024.4.01.3082,Mandado de Segurança,Benjamin Moraes,TERCEIRA SEÇÃO,39719.77,CONCLUÍDO,BA,
2025-12-02,3410919-67.2023.4.01.3872,Apelação Cível,Liz Guerra,TERCEIRA SEÇÃO,29478.53,PENDENTE,RN,
2025-12-27,8256311-89.2023.4.01.3185,Agravo de Instrumento,Rafael Ramos,QUINTA TURMA,14370.34,PENDENTE,RS,
2025-12-13,2772512-23.2020.4.01.3571,Agravo de Instrumento,Francisco da Paz,SEXTA TURMA,9525.04,PENDENTE,AP,
2025-12-18,3563092-43.2025.4.01.3719,Mandado de Segurança,Brayan Teixeira,QUINTA TURMA,40879.09,CONCLUÍDO,SE,
2025-12-13,7193304-66.2023.4.01.3954,Execução Fiscal,Rafael Ramos,PRIMEIRA TURMA,32574.33,CONCLUÍDO,PB,
2026-01-04,9504687-71.2020.4.01.3243,Execução Fiscal,Anthony Nogueira,SEGUNDA SEÇÃO,7060.81,PENDENTE,PR,
2026-01-09,3224633-21.2020.4.01.3808,Agravo de Instrumento,Rafael Ramos,QUARTA TURMA,8202.82,CONCLUÍDO,PR,
2025-12-05,6189337-30.2024.4.01.3174,Agravo de Instrumento,Leonardo Sales,QUINTA TURMA,35244.41,PENDENTE,MG,
2025-12-19,1882083-87.2021.4.01.3844,Apelação Cível,Isabela da Paz,SEGUNDA TURMA,23480.1,PENDENTE,MT,
2026-01-21,6273516-32.2022.4.01.3294,Mandado de Segurança,Luiz Miguel Albuquerque,TERCEIRA TURMA,21491.83,PENDENTE,AP,
2025-12-12,9428953-32.2023.4.01.3391,Apelação Cível,Francisco da Paz,SEXTA TURMA,33692.95,CONCLUÍDO,TO,
2025-11-30,8310343-16.2025.4.01.3950,Mandado de Segurança,Liz Guerra,SEXTA TURMA,41491.62,PENDENTE,AM,
2025-12-17,8422384-65.2024.4.01.3247,Apelação Cível,Evelyn da Cruz,SEGUNDA TURMA,5285.94,PENDENTE,DF,
2026-01-13,6706869-90.2023.4.01.3292,Mandado de Segurança,Benjamin Moraes,QUINTA TURMA,48262.56,PENDENTE,SP,
2025-12-12,1611702-40.2022.4.01.3556,Agravo de Instrumento,Ana Laura Vargas,PRIMEIRA TURMA,11891.74,PENDENTE,PI,
2025-12-01,9132928-43.2023.4.01.3229,Execução Fiscal,Cecilia Costela,QUARTA TURMA,16840.84,PENDENTE,TO,
2026-01-05,7163963-85.2020.4.01.3640,Mandado de Segurança,Ana Laura Vargas,SEGUNDA SEÇÃO,49658.99,PENDENTE,GO,
2025-12-06,6874962-65.2025.4.01.3566,Execução Fiscal,Benjamin Moraes,TERCEIRA TURMA,18455.73,CONCLUÍDO,AP,
2025-12-20,6915445-97.2025.4.01.3155,Mandado de Segurança,Benjamin Moraes,,12763.72,CONCLUÍDO,PI,
2026-01-21,6418257-35.2020.4.01.3463,Apelação Cível,Francisco da Paz,SEGUNDA TURMA,42417.18,CONCLUÍDO,MA,
2026-01-01,4525540-82.2023.4.01.3832,Agravo de Instrumento,Anthony Nogueira,TERCEIRA SEÇÃO,49325.86,PENDENTE,SP,
2025-12-24,3557382-99.2024.4.01.3354,Mandado de Segurança,Evelyn da Cruz,CORTE ESPECIAL,37431.16,CONCLUÍDO,SP,
2026-01-20,5009458-15.2021.4.01.3825,Mandado de Segurança,Luiz Miguel Albuquerque,Não Informado,22940.52,CONCLUÍDO,BA,
2025-12-16,6982049-87.2022.4.01.3036,Apelação Cível,Anthony Nogueira,PRIMEIRA TURMA,25778.39,PENDENTE,DF,
2026-01-21,1917004-12.2024.4.01.3704,Execução Fiscal,Francisco da Paz,SEGUNDA TURMA,46802.2,PENDENTE,PB,
2025-12-01,2569857-84.2025.4.01.3439,Mandado de Segurança,Cecilia Costela,CORTE ESPECIAL,8687.04,CONCLUÍDO,AP,
2025-12-27,8558070-85.2025.4.01.3338,Agravo de Instrumento,Cecilia Costela,SEXTA TURMA,7412.9,CONCLUÍDO,AC,
2025-12-05,6548215-95.2023.4.01.3304,Apelação Cível,Brayan Teixeira,CORTE ESPECIAL,16929.5,CONCLUÍDO,DF,
2025-12-01,3555925-70.2020.4.01.3893,Apelação Cível,Benjamin Moraes,PRIMEIRA SEÇÃO,42757.21,PENDENTE,PI,
2026-01-21,1418092-39.2022.4.01.3043,Execução Fiscal,Benjamin Moraes,TERCEIRA SEÇÃO,40118.72,PENDENTE,BA,
2026-01-10,2681430-28.2020.4.01.3462,Execução Fiscal,Isabela da Paz,PRIMEIRA TURMA,27175.85,PENDENTE,PA,
2026-01-07,8869314-18.2021.4.01.3532,Agravo de Instrumento,Cecilia Costela,,18053.57,PENDENTE,RR,
2025-12-25,3011349-74.2023.4.01.3534,Agravo de Instrumento,Leonardo Sales,PRIMEIRA TURMA,24030.74,PENDENTE,SC,
2025-12-02,5036285-31.2023.4.01.3045,Mandado de Segurança,Anthony Nogueira,SEGUNDA SEÇÃO,6401.59,CONCLUÍDO,PB,
2025-12-11,3834540-96.2020.4.01.3904,Execução Fiscal,Leonardo Sales,PRIMEIRA SEÇÃO,28953.33,CONCLUÍDO,PE,
2025-12-01,8264853-54.2024.4.01.3581,Execução Fiscal,Rafael Ramos,QUARTA TURMA,47813.77,PENDENTE,PI,
2025-12-11,5382393-93.2024.4.01.3468,Agravo de Instrumento,Francisco da Paz,SEXTA TURMA,11019.26,CONCLUÍDO,RS,
2026-01-11,3712615-10.2025.4.01.3740,Mandado de Segurança,Benjamin Moraes,TERCEIRA TURMA,11174.35,PENDENTE,BA,
2025-12-06,9435234-43.2024.4.01.3848,Execução Fiscal,Francisco da Paz,PRIMEIRA TURMA,39549.06,CONCLUÍDO,GO,
2025-12-23,8933943-62.2025.4.01.3748,Execução Fiscal,Benjamin Moraes,PRIMEIRA TURMA,4609.75,PENDENTE,PB,
2025-11-30,7775996-83.2021.4.01.3114,Apelação Cível,Cecilia Costela,TERCEIRA SEÇÃO,16190.36,PENDENTE,AC,
2025-12-24,8021814-72.2020.4.01.3253,Mandado de Segurança,Rafael Ramos,SEGUNDA TURMA,3639.41,CONCLUÍDO,PA,
2026-01-11,6680852-52.2020.4.01.3012,Apelação Cível,Brayan Teixeira,QUARTA TURMA,42086.93,CONCLUÍDO,RN,
2025-12-06,4015903-67.2023.4.01.3051,Mandado de Segurança,Benjamin Moraes,SEGUNDA TURMA,29423.59,CONCLUÍDO,SP,
2026-01-22,3975617-16.2021.4.01.3883,Execução Fiscal,Luiz Miguel Albuquerque,Não Informado,21304.22,PENDENTE,PE,
2025-12-15,4875665-18.2024.4.01.3816,Apelação Cível,Benjamin Moraes,SEGUNDA SEÇÃO,18223.58,CONCLUÍDO,PE,
2026-01-17,6215874-40.2021.4.01.3708,Mandado de Segurança,Leonardo Sales,PRIMEIRA TURMA,18296.23,PENDENTE,DF,
2026-01-22,9893634-17.2024.4.01.3432,Mandado de Segurança,Benjamin Moraes,TERCEIRA TURMA,49904.53,PENDENTE,PR,
2026-01-17,4005447-50.2024.4.01.3455,Mandado de Segurança,Brayan Teixeira,SEGUNDA TURMA,29337.84,PENDENTE,AC,
2026-01-16,3541970-19.2020.4.01.3627,Agravo de Instrumento,Leonardo Sales,QUINTA TURMA,28235.52,CONCLUÍDO,TO,
2026-01-04,7391212-72.2025.4.01.3715,Agravo de Instrumento,Ana Laura Vargas,SEGUNDA SEÇÃO,40898.14,PENDENTE,SC,
2026-01-10,8588513-97.2020.4.01.3048,Agravo de Instrumento,Anthony Nogueira,SEGUNDA TURMA,47481.86,CONCLUÍDO,AC,
2025-12-10,1742082-35.2022.4.01.3007,Apelação Cível,Isabela da Paz,TERCEIRA TURMA,11805.47,PENDENTE,PE,
2026-01-21,1296931-75.2023.4.01.3129,Execução Fiscal,Anthony Nogueira,SEGUNDA TURMA,47157.85,PENDENTE,AL,
2025-12-20,7558323-24.2025.4.01.3794,Agravo de Instrumento,Ana Laura Vargas,QUARTA TURMA,10680.53,PENDENTE,PI,
2025-12-20,2472270-65.2025.4.01.3328,Mandado de Segurança,Francisco da Paz,QUARTA TURMA,6667.11,PENDENTE,MS,
2026-01-21,5678707-21.2023.4.01.3202,Mandado de Segurança,Brayan Teixeira,TERCEIRA TURMA,39342.49,CONCLUÍDO,AC,
2026-01-09,2010313-53.2021.4.01.3647,Mandado de Segurança,Luiz Miguel Albuquerque,TERCEIRA SEÇÃO,2552.13,CONCLUÍDO,TO,
2025-12-07,5109584-30.2021.4.01.3718,Agravo de Instrumento,Brayan Teixeira,PRIMEIRA SEÇÃO,4410.89,PENDENTE,DF,
2025-12-07,3994255-48.2024.4.01.3212,Agravo de Instrumento,Cecilia Costela,SEGUNDA SEÇÃO,4010.77,PENDENTE,PE,
