Data da Extração,Número,Órgão Padronizado,Lista_Materias
2026-01-05,6435510-84.2023.4.01.3646,TERCEIRA SEÇÃO,1.1.9
2025-12-01,9659227-74.2024.4.01.3307,TERCEIRA SEÇÃO,1.4.9
2025-12-01,9659227-74.2024.4.01.3307,TERCEIRA SEÇÃO,2.5.8
2025-12-28,5547024-65.2025.4.01.3349,SEXTA TURMA,1.1.2
2025-12-31,1566283-69.2022.4.01.3416,PRIMEIRA TURMA,1.4.6
2025-12-21,1417929-63.2022.4.01.3235,PRIMEIRA SEÇÃO,1.4.3
2025-12-23,4461636-62.2022.4.01.3568,TERCEIRA SEÇÃO,1.4.5
2025-12-23,4461636-62.2022.4.01.3568,TERCEIRA SEÇÃO,2.3.8
2026-01-05,9915599-33.2024.4.01.3918,SEGUNDA SEÇÃO,1.4.6
2025-12-28,4446518-49.2022.4.01.3647,SEGUNDA TURMA,1.1.4
2025-12-28,4446518-49.2022.4.01.3647,SEGUNDA TURMA,2.4.3
2025-12-17,2240564-71.2023.4.01.3115,SEXTA TURMA,1.4.8
2025-12-26,8394751-34.2021.4.01.3499,QUARTA TURMA,1.2.2
2025-12-21,7651686-57.2024.4.01.3427,QUINTA TURMA,1.5.3
2026-01-12,8350600-66.2025.4.01.3693,SEGUNDA SEÇÃO,1.3.7
2025-12-08,3300826-80.2023.4.01.3291,TERCEIRA TURMA,1.4.9
2025-12-11,2241491-38.2022.4.01.3955,TERCEIRA SEÇÃO,1.5.7
2025-12-02,9930028-22.2021.4.01.3555,TERCEIRA TURMA,1.1.8
2025-12-18,7108248-39.2022.4.01.3191,CORTE ESPECIAL,1.3.4
2025-12-18,7108248-39.2022.4.01.3191,CORTE ESPECIAL,2.1.9
2025-12-12,9037534-79.2023.4.01.3169,QUARTA TURMA,1.3.1
2025-12-12,2120652-18.2024.4.01.3309,PRIMEIRA TURMA,1.1.8
2026-01-15,2383097-37.2023.4.01.3536,TERCEIRA SEÇÃO,1.2.4
2026-01-15,2383097-37.2023.4.01.3536,TERCEIRA SEÇÃO,2.5.5
2025-12-01,1776289-65.2021.4.01.3817,QUARTA TURMA,1.4.2
2025-12-01,1776289-65.2021.4.01.3817,QUARTA TURMA,2.5.6
2025-12-07,8843005-24.2020.4.01.3236,SEXTA TURMA,1.5.6
2025-12-28,5600043-39.2023.4.01.3120,PRIMEIRA TURMA,1.4.8
2025-12-28,5600043-39.2023.4.01.3120,PRIMEIRA TURMA,2.3.4
2025-12-06,4760239-21.2024.4.01.3033,TERCEIRA TURMA,1.3.4
2025-12-09,9337261-13.2020.4.01.3529,TERCEIRA TURMA,1.2.9
2025-12-09,4912285-29.2024.4.01.3515,PRIMEIRA TURMA,1.2.6
2025-12-15,9686441-99.2025.4.01.3641,TERCEIRA TURMA,1.5.6
2025-12-05,4634105-61.2022.4.01.3893,PRIMEIRA SEÇÃO,1.2.3
2025-12-05,4634105-61.2022.4.01.3893,PRIMEIRA SEÇÃO,2.3.3
2025-12-28,4290125-11.2021.4.01.3935,CORTE ESPECIAL,1.1.1
2025-12-15,4627944-65.2025.4.01.3288,TERCEIRA SEÇÃO,1.5.8
2025-12-15,4627944-65.2025.4.01.3288,TERCEIRA SEÇÃO,2.2.4
2025-12-19,8345241-23.2020.4.01.3050,PRIMEIRA TURMA,1.1.7
2025-12-19,8345241-23.2020.4.01.3050,PRIMEIRA TURMA,2.4.3
2025-12-23,7319199-83.2024.4.01.3951,SEGUNDA SEÇÃO,1.5.9
2025-12-10,4214772-44.2022.4.01.3127,PRIMEIRA TURMA,1.1.9
2026-01-03,3484427-29.2020.4.01.3677,SEGUNDA TURMA,1.4.3
2025-12-02,1710560-81.2022.4.01.3136,SEXTA TURMA,1.2.8
2025-12-02,1710560-81.2022.4.01.3136,SEXTA TURMA,2.5.5
2025-12-02,8804777-46.2022.4.01.3314,PRIMEIRA SEÇÃO,1.3.1
2026-01-17,6017207-89.2022.4.01.3473,TERCEIRA TURMA,1.2.5
2026-01-17,6017207-89.2022.4.01.3473,TERCEIRA TURMA,2.5.5
2026-01-20,2276381-14.2025.4.01.3705,QUARTA TURMA,1.4.8
2026-01-20,2276381-14.2025.4.01.3705,QUARTA TURMA,2.2.1
2026-01-05,1019812-55.2020.4.01.3683,SEGUNDA SEÇÃO,1.1.6
2026-01-22,3227711-53.2022.4.01.3064,PRIMEIRA TURMA,1.2.8
2026-01-22,3227711-53.2022.4.01.3064,PRIMEIRA TURMA,2.3.8
2026-01-04,1081164-29.2025.4.01.3903, ,1.1.2
2026-01-11,1014306-50.2025.4.01.3117,QUARTA TURMA,1.1.6
2026-01-11,1014306-50.2025.4.01.3117,QUARTA TURMA,2.2.9
2026-01-03,4370439-69.2024.4.01.3531,CORTE ESPECIAL,1.5.5
2025-12-01,9131449-10.2022.4.01.3337,QUARTA TURMA,1.1.8
2026-01-01,2423315-16.2021.4.01.3292,PRIMEIRA SEÇÃO,1.5.8
2026-01-06,5787618-41.2023.4.01.3088,QUINTA TURMA,1.5.9
2025-12-19,1050494-68.2021.4.01.3750,CORTE ESPECIAL,1.4.9
2026-01-01,3413707-49.2024.4.01.3117,TERCEIRA SEÇÃO,1.2.9
2026-01-19,3454596-88.2021.4.01.3433,SEXTA TURMA,1.4.4
2025-12-03,4947918-94.2022.4.01.3267,CORTE ESPECIAL,1.1.9
2025-12-03,4947918-94.2022.4.01.3267,CORTE ESPECIAL,2.5.1
2025-12-07,2648090-25.2022.4.01.3708,Não Informado,1.3.1
2025-12-07,2648090-25.2022.4.01.3708,Não Informado,2.3.3
2026-01-11,9918190-76.2021.4.01.3245,PRIMEIRA SEÇÃO,1.2.9
2026-01-14,5137334-38.2022.4.01.3430,TERCEIRA TURMA,1.2.7
2025-12-17,6027370-52.2024.4.01.3689,QUARTA TURMA,1.2.4
2025-12-29,6983802-62.2025.4.01.3019,SEXTA TURMA,1.5.1
2025-12-29,6983802-62.2025.4.01.3019,SEXTA TURMA,2.3.8
2025-12-05,6643427-55.2021.4.01.3913,PRIMEIRA SEÇÃO,1.2.8
2026-01-12,4696911-49.2023.4.01.3885,SEXTA TURMA,1.3.1
2026-01-12,4696911-49.2023.4.01.3885,SEXTA TURMA,2.4.3
2025-11-30,2615339-72.2023.4.01.3571,SEGUNDA TURMA,1.2.7
2025-11-30,2615339-72.2023.4.01.3571,SEGUNDA TURMA,2.1.9
2025-12-17,9942325-84.2020.4.01.3481,QUARTA TURMA,1.3.6
2025-12-17,9942325-84.2020.4.01.3481,QUARTA TURMA,2.2.2
2026-01-10,7441940-26.2021.4.01.3236,QUARTA TURMA,1.1.3
2026-01-10,7441940-26.2021.4.01.3236,QUARTA TURMA,2.5.7
2025-12-23,4388576-37.2023.4.01.3415,QUINTA TURMA,1.5.4
2026-01-12,1972825-33.2020.4.01.3870,QUINTA TURMA,1.4.7
2026-01-12,1972825-33.2020.4.01.3870,QUINTA TURMA,2.1.4
2026-01-27,6346614-29.2023.4.01.3140,TERCEIRA SEÇÃO,1.2.9
2026-01-14,8961838-12.2020.4.01.3618,QUINTA TURMA,1.4.6
2026-01-14,8961838-12.2020.4.01.3618,QUINTA TURMA,2.3.1
2026-01-14,8898570-79.2022.4.01.3456,SEGUNDA SEÇÃO,1.1.1
2026-01-14,8898570-79.2022.4.01.3456,SEGUNDA SEÇÃO,2.5.2
2025-12-12,3445936-71.2025.4.01.3389,SEGUNDA SEÇÃO,1.5.1
2025-12-12,3445936-71.2025.4.01.3389,SEGUNDA SEÇÃO,2.4.1
2025-11-29,4566698-24.2024.4.01.3083,SEGUNDA TURMA,1.3.2
2025-11-29,4566698-24.2024.4.01.3083,SEGUNDA TURMA,2.2.8
2025-12-02,4217117-89.2022.4.01.3134,TERCEIRA SEÇÃO,1.2.7
2026-01-03,5143622-80.2023.4.01.3053,PRIMEIRA SEÇÃO,1.5.2
2025-12-06,3691734-14.2021.4.01.3032,SEGUNDA SEÇÃO,1.2.7
2026-01-22,4188360-54.2022.4.01.3149,CORTE ESPECIAL,1.5.5
2025-12-15,5685357-24.2023.4.01.3108,QUINTA TURMA,1.1.8
2025-12-15,5685357-24.2023.4.01.3108,QUINTA TURMA,2.1.3
2025-12-19,8200051-58.2020.4.01.3202,QUINTA TURMA,1.3.6
2025-12-19,8200051-58.2020.4.01.3202,QUINTA TURMA,2.3.3
2025-12-19,3586018-28.2024.4.01.3244,SEGUNDA SEÇÃO,1.3.8
2025-12-18,4625355-77.2022.4.01.3399,PRIMEIRA TURMA,1.3.7
2025-11-29,9218454-11.2020.4.01.3204,SEGUNDA SEÇÃO,1.2.3
2026-01-18,1169198-66.2023.4.01.3401,SEGUNDA SEÇÃO,1.3.5
2025-12-30,2725913-25.2020.4.01.3029,QUINTA TURMA,1.5.2
2025-12-30,2725913-25.2020.4.01.3029,QUINTA TURMA,2.4.2
2026-01-23,8193979-36.2022.4.01.3276,SEGUNDA SEÇÃO,1.1.6
2025-12-07,9329626-61.2024.4.01.3324,QUINTA TURMA,1.4.3
2026-01-24,5436771-79.2021.4.01.3329,TERCEIRA TURMA,1.4.9
2026-01-05,8161731-63.2023.4.01.3629,TERCEIRA TURMA,1.3.2
2026-01-05,8161731-63.2023.4.01.3629,TERCEIRA TURMA,2.4.2
2026-01-07,6063765-79.2022.4.01.3932,PRIMEIRA TURMA,1.1.1
2026-01-19,3852541-12.2025.4.01.3405,TERCEIRA SEÇÃO,1.5.5
2025-12-15,6318892-68.2022.4.01.3528,SEGUNDA TURMA,1.3.3
2025-12-12,6042404-26.2021.4.01.3557,SEGUNDA SEÇÃO,1.3.9
2026-01-07,7901919-69.2023.4.01.3122,TERCEIRA TURMA,1.2.1
2026-01-23,4696598-24.2022.4.01.3706, ,1.1.8
2026-01-23,4696598-24.2022.4.01.3706, ,2.3.3
2026-01-13,7732546-36.2024.4.01.3937, ,1.1.2
2026-01-13,7732546-36.2024.4.01.3937, ,2.5.3
2026-01-16,7427084-18.2020.4.01.3110,QUARTA TURMA,1.1.7
2026-01-16,7427084-18.2020.4.01.3110,QUARTA TURMA,2.5.8
2026-01-18,7276824-81.2022.4.01.3136,QUINTA TURMA,1.2.7
2025-12-10,6958373-75.2025.4.01.3383,TERCEIRA SEÇÃO,1.4.4
2026-01-07,8153053-60.2024.4.01.3239,QUARTA TURMA,1.5.1
2025-11-30,6231570-41.2021.4.01.3875,SEGUNDA SEÇÃO,1.3.8
2025-12-31,3561995-36.2020.4.01.3416,TERCEIRA TURMA,1.5.3
2026-01-19,5164332-42.2023.4.01.3414,PRIMEIRA SEÇÃO,1.4.4
2026-01-19,5164332-42.2023.4.01.3414,PRIMEIRA SEÇÃO,2.4.1
2025-12-16,2963160-98.2023.4.01.3932,PRIMEIRA SEÇÃO,1.2.2
2025-12-16,2963160-98.2023.4.01.3932,PRIMEIRA SEÇÃO,2.2.6
2025-12-23,7763311-40.2022.4.01.3809,QUARTA TURMA,1.5.1
2025-12-23,5114877-88.2024.4.01.3531,PRIMEIRA SEÇÃO,1.4.2
2026-01-23,6919046-87.2023.4.01.3803,PRIMEIRA TURMA,1.1.3
2026-01-17,7433561-46.2022.4.01.3043,SEXTA TURMA,1.1.2
2025-12-08,4729900-48.2023.4.01.3394,SEGUNDA SEÇÃO,1.5.1
2025-12-08,4729900-48.2023.4.01.3394,SEGUNDA SEÇÃO,2.2.3
2025-12-11,8318124-99.2020.4.01.3592,SEXTA TURMA,1.5.7
2025-12-11,8318124-99.2020.4.01.3592,SEXTA TURMA,2.2.2
2025-12-15,3849410-56.2022.4.01.3988,PRIMEIRA TURMA,1.1.8
2025-12-15,3849410-56.2022.4.01.3988,PRIMEIRA TURMA,2.2.4
2025-12-19,6708991-34.2020.4.01.3299,TERCEIRA SEÇÃO,1.3.7
2025-12-19,6708991-34.2020.4.01.3299,TERCEIRA SEÇÃO,2.5.7
2025-12-26,9546653-79.2025.4.01.3469,QUARTA TURMA,1.5.6
2025-12-26,9546653-79.2025.4.01.3469,QUARTA TURMA,2.1.4
2025-12-17,3017071-92.2024.4.01.3685,SEGUNDA TURMA,1.5.1
2025-12-15,9020886-16.2025.4.01.3468,PRIMEIRA TURMA,1.5.8
2025-12-12,8228963-31.2022.4.01.3399,PRIMEIRA SEÇÃO,1.2.7
2026-01-20,6333301-50.2024.4.01.3006,PRIMEIRA TURMA,1.2.3
2026-01-20,6333301-50.2024.4.01.3006,PRIMEIRA TURMA,2.1.3
2026-01-11,9056265-78.2022.4.01.3659,SEXTA TURMA,1.5.2
2025-12-11,5527546-50.2020.4.01.3561,Não Informado,1.5.3
2025-12-12,6230646-77.2025.4.01.3253,CORTE ESPECIAL,1.3.3
2025-12-01,1022296-50.2021.4.01.3088,SEXTA TURMA,1.1.3
2025-12-01,1019021-73.2025.4.01.3472,SEGUNDA SEÇÃO,1.1.4
2025-12-01,5233526-13.2021.4.01.3118,CORTE ESPECIAL,1.2.8
2025-12-01,5233526-13.2021.4.01.3118,CORTE ESPECIAL,2.2.4
2026-01-18,7473732-70.2021.4.01.3226,PRIMEIRA SEÇÃO,1.4.5
2026-01-18,7473732-70.2021.4.01.3226,PRIMEIRA SEÇÃO,2.4.9
2026-01-20,2383414-62.2021.4.01.3840,SEGUNDA TURMA,1.5.6
2025-12-19,4766663-57.2020.4.01.3314,PRIMEIRA SEÇÃO,1.5.5
2025-12-19,4766663-57.2020.4.01.3314,PRIMEIRA SEÇÃO,2.2.1
2026-01-16,9163096-11.2020.4.01.3377,QUINTA TURMA,1.1.4
2025-12-04,5468274-52.2021.4.01.3859,PRIMEIRA TURMA,1.5.4
2025-12-24,2326878-83.2020.4.01.3429,TERCEIRA TURMA,1.4.5
2025-12-24,2326878-83.2020.4.01.3429,TERCEIRA TURMA,2.4.1
2025-12-20,6309704-35.2022.4.01.3934,QUARTA TURMA,1.3.5
2026-01-10,1674337-66.2022.4.01.3989,SEXTA TURMA,1.3.5
2025-12-18,2569197-10.2023.4.01.3845,QUARTA TURMA,1.1.7
2025-12-18,2569197-10.2023.4.01.3845,QUARTA TURMA,2.4.4
2026-01-10,4486525-33.2021.4.01.3146,QUINTA TURMA,1.3.4
2026-01-10,4486525-33.2021.4.01.3146,QUINTA TURMA,2.5.9
2025-12-06,6329910-50.2025.4.01.3093,CORTE ESPECIAL,1.3.4
2026-01-14,9135837-51.2023.4.01.3386,PRIMEIRA SEÇÃO,1.2.2
2025-12-06,4312522-84.2021.4.01.3817,TERCEIRA TURMA,1.1.5
2025-12-15,4823660-63.2021.4.01.3491,PRIMEIRA SEÇÃO,1.3.6
2026-01-25,2700402-60.2025.4.01.3488,TERCEIRA SEÇÃO,1.4.1
2025-12-12,2956078-56.2020.4.01.3770,TERCEIRA TURMA,1.2.4
2025-12-12,2956078-56.2020.4.01.3770,TERCEIRA TURMA,2.3.5
2026-01-03,7768757-61.2024.4.01.3989,QUINTA TURMA,1.3.7
2025-12-20,9591770-34.2025.4.01.3637,SEGUNDA SEÇÃO,1.2.4
2025-12-02,6477071-63.2021.4.01.3962,PRIMEIRA TURMA,1.4.7
2026-01-17,6244098-33.2021.4.01.3477,QUINTA TURMA,1.1.8
2026-01-15,3220326-63.2023.4.01.3280,TERCEIRA SEÇÃO,1.1.2
2026-01-02,5310290-80.2022.4.01.3859,SEGUNDA TURMA,1.3.8
2026-01-02,5310290-80.2022.4.01.3859,SEGUNDA TURMA,2.4.7
2026-01-02,5191464-65.2023.4.01.3261,QUINTA TURMA,1.3.7
2025-12-31,1818068-52.2025.4.01.3009,PRIMEIRA TURMA,1.1.6
2026-01-14,9805536-19.2025.4.01.3145,SEGUNDA TURMA,1.3.4
2026-01-13,7458431-50.2022.4.01.3930,PRIMEIRA SEÇÃO,1.3.7
2026-01-13,7458431-50.2022.4.01.3930,PRIMEIRA SEÇÃO,2.2.5
2025-12-15,1876529-33.2021.4.01.3274,TERCEIRA TURMA,1.3.1
2025-12-28,4634851-27.2024.4.01.3030,CORTE ESPECIAL,1.1.8
2025-12-20,3418139-85.2020.4.01.3213,SEGUNDA SEÇÃO,1.2.4
2025-12-20,3418139-85.2020.4.01.3213,SEGUNDA SEÇÃO,2.1.2
2025-12-17,3063364-58.2024.4.01.3592,SEGUNDA TURMA,1.2.1
2025-12-30,3492977-17.2024.4.01.3197,SEXTA TURMA,1.2.2
2026-01-06,2912613-58.2021.4.01.3980,PRIMEIRA TURMA,1.2.6
2025-12-20,1447090-43.2022.4.01.3094,SEGUNDA TURMA,1.3.2
2025-12-11,8474176-74.2024.4.01.3894,PRIMEIRA TURMA,1.5.5
2025-12-14,6835493-78.2020.4.01.3866,CORTE ESPECIAL,1.1.1
2025-12-28,9862589-35.2022.4.01.3135,QUARTA TURMA,1.4.4
2025-12-01,8031366-22.2021.4.01.3800, ,1.3.7
2026-01-17,5640199-58.2025.4.01.3772,QUINTA TURMA,1.2.3
2026-01-08,8277778-77.2022.4.01.3172,SEXTA TURMA,1.2.2
2026-01-26,9462966-48.2020.4.01.3957,PRIMEIRA TURMA,1.3.5
2026-01-26,9462966-48.2020.4.01.3957,PRIMEIRA TURMA,2.3.2
2026-01-01,4875133-22.2021.4.01.3529,QUINTA TURMA,1.1.5
2025-12-16,3024362-82.2020.4.01.3472,SEGUNDA TURMA,1.5.6
2025-12-16,3024362-82.2020.4.01.3472,SEGUNDA TURMA,2.4.6
2025-12-06,3932757-25.2023.4.01.3474,SEGUNDA TURMA,1.1.1
2026-01-10,6126138-21.2022.4.01.3641,SEXTA TURMA,1.5.2
2025-12-31,7764604-89.2024.4.01.3803,QUARTA TURMA,1.5.4
2026-01-13,1348750-68.2024.4.01.3736,QUINTA TURMA,1.2.6
2026-01-13,1348750-68.2024.4.01.3736,QUINTA TURMA,2.4.9
2025-11-30,7013144-57.2020.4.01.3982,Não Informado,1.2.5
2025-12-11,1713116-74.2025.4.01.3682,SEGUNDA TURMA,1.4.7
2025-12-11,1713116-74.2025.4.01.3682,SEGUNDA TURMA,2.3.7
2026-01-08,1870643-68.2023.4.01.3754,PRIMEIRA SEÇÃO,1.2.8
2026-01-18,1940987-85.2020.4.01.3308,QUARTA TURMA,1.5.2
2026-01-07,3149892-31.2023.4.01.3140,QUINTA TURMA,1.5.7
2026-01-07,3149892-31.2023.4.01.3140,QUINTA TURMA,2.1.4
2026-01-21,2869020-19.2021.4.01.3735,PRIMEIRA SEÇÃO,1.3.1
2026-01-03,3706724-57.2023.4.01.3024,SEXTA TURMA,1.3.1
2026-01-03,3706724-57.2023.4.01.3024,SEXTA TURMA,2.1.7
2026-01-03,4139074-65.2020.4.01.3990,CORTE ESPECIAL,1.1.5
2026-01-13,1873343-32.2021.4.01.3318,CORTE ESPECIAL,1.3.5
2026-01-26,2880201-61.2022.4.01.3238,TERCEIRA TURMA,1.4.3
2026-01-26,2880201-61.2022.4.01.3238,TERCEIRA TURMA,2.4.5
2025-12-30,3391366-76.2023.4.01.3585,QUINTA TURMA,1.3.9
2025-12-12,8920861-46.2021.4.01.3028,CORTE ESPECIAL,1.3.2
2025-12-12,8920861-46.2021.4.01.3028,CORTE ESPECIAL,2.3.8
2025-12-05,2529759-31.2023.4.01.3839,TERCEIRA SEÇÃO,1.4.7
2025-12-05,2529759-31.2023.4.01.3839,TERCEIRA SEÇÃO,2.3.8
2025-12-30,9745243-23.2025.4.01.3104,TERCEIRA SEÇÃO,1.5.2
2026-01-20,1249489-86.2024.4.01.3468,QUINTA TURMA,1.1.5
2026-01-20,1249489-86.2024.4.01.3468,QUINTA TURMA,2.4.7
2026-01-26,4037948-75.2024.4.01.3906,SEXTA TURMA,1.2.3
2026-01-26,4037948-75.2024.4.01.3906,SEXTA TURMA,2.4.8
2025-12-21,1374469-73.2021.4.01.3187,PRIMEIRA TURMA,1.4.6
2025-11-29,1710490-88.2025.4.01.3965,SEXTA TURMA,1.1.7
2025-11-29,1710490-88.2025.4.01.3965,SEXTA TURMA,2.2.8
2026-01-08,4928000-12.2023.4.01.3768,PRIMEIRA SEÇÃO,1.4.2
2025-12-02,6814000-31.2024.4.01.3623,SEXTA TURMA,1.2.5
2026-01-15,2708087-82.2020.4.01.3780,PRIMEIRA SEÇÃO,1.3.9
2026-01-27,3829978-32.2021.4.01.3439,SEGUNDA SEÇÃO,1.1.4
2025-12-18,2270120-98.2022.4.01.3421,PRIMEIRA SEÇÃO,1.2.4
2025-11-29,6851129-67.2025.4.01.3898,SEGUNDA SEÇÃO,1.1.1
2025-11-29,6851129-67.2025.4.01.3898,SEGUNDA SEÇÃO,2.5.4
2025-12-28,6667299-65.2020.4.01.3436, ,1.2.8
2026-01-27,1010954-46.2025.4.01.3500,TERCEIRA SEÇÃO,1.3.2
2025-12-28,7294281-46.2025.4.01.3465,CORTE ESPECIAL,1.2.6
2025-12-28,7294281-46.2025.4.01.3465,CORTE ESPECIAL,2.3.1
2026-01-12,9634112-92.2023.4.01.3326,TERCEIRA SEÇÃO,1.2.6
2026-01-07,8925471-11.2025.4.01.3678,QUINTA TURMA,1.4.2
2026-01-25,8175269-26.2020.4.01.3626,SEGUNDA SEÇÃO,1.4.6
2026-01-25,8175269-26.2020.4.01.3626,SEGUNDA SEÇÃO,2.2.5
2026-01-18,4187923-47.2020.4.01.3051,TERCEIRA TURMA,1.2.1
2026-01-16,7853432-12.2025.4.01.3355,QUARTA TURMA,1.5.2
2026-01-25,8803562-10.2023.4.01.3776,Não Informado,1.4.7
2025-12-14,2960079-77.2023.4.01.3424,QUARTA TURMA,1.4.2
2025-12-14,2960079-77.2023.4.01.3424,QUARTA TURMA,2.1.9
2025-12-23,3841267-17.2022.4.01.3297,QUARTA TURMA,1.2.6
2025-12-30,3128531-21.2023.4.01.3537,Não Informado,1.1.5
2025-12-30,3128531-21.2023.4.01.3537,Não Informado,2.4.2
2025-12-01,1717046-36.2021.4.01.3230,TERCEIRA SEÇÃO,1.1.5
2026-01-20,2209916-81.2022.4.01.3587,TERCEIRA SEÇÃO,1.2.6
2025-12-22,9874291-34.2021.4.01.3987,CORTE ESPECIAL,1.5.8
2025-12-27,5543734-62.2024.4.01.3176,QUARTA TURMA,1.2.1
2025-12-20,1432456-34.2022.4.01.3609,QUARTA TURMA,1.2.3
2025-12-22,1765021-36.2023.4.01.3719,QUINTA TURMA,1.5.6
2026-01-07,8736615-49.2021.4.01.3813,SEGUNDA SEÇÃO,1.3.9
2026-01-07,8736615-49.2021.4.01.3813,SEGUNDA SEÇÃO,2.2.5
2025-12-18,4121706-71.2024.4.01.3179,TERCEIRA TURMA,1.2.2
2026-01-01,7035943-76.2023.4.01.3431,PRIMEIRA SEÇÃO,1.1.2
2025-12-26,6367477-30.2022.4.01.3858,PRIMEIRA SEÇÃO,1.1.6
2025-12-21,2060921-92.2022.4.01.3428,QUARTA TURMA,1.3.3
2025-12-06,2845494-47.2025.4.01.3323,TERCEIRA TURMA,1.4.8
2026-01-11,8739828-80.2024.4.01.3047,SEGUNDA SEÇÃO,1.1.4
2026-01-10,9248942-44.2020.4.01.3155,TERCEIRA SEÇÃO,1.3.5
2026-01-07,3443963-58.2024.4.01.3108,TERCEIRA TURMA,1.4.5
2026-01-24,8208983-55.2024.4.01.3616,PRIMEIRA SEÇÃO,1.1.4
2026-01-22,4452387-50.2025.4.01.3473,CORTE ESPECIAL,1.2.9
2026-01-22,4452387-50.2025.4.01.3473,CORTE ESPECIAL,2.5.4
2025-12-13,1330470-80.2023.4.01.3663,PRIMEIRA TURMA,1.4.5
2025-12-01,1955056-89.2021.4.01.3694,SEXTA TURMA,1.3.8
2025-12-01,1955056-89.2021.4.01.3694,SEXTA TURMA,2.5.4
2026-01-06,3810550-87.2020.4.01.3214,QUINTA TURMA,1.4.7
2026-01-16,6954395-65.2020.4.01.3366,PRIMEIRA TURMA,1.5.7
2026-01-24,2812847-64.2025.4.01.3805,SEGUNDA TURMA,1.3.6
2025-12-08,7090801-21.2025.4.01.3301,PRIMEIRA SEÇÃO,1.4.9
2026-01-15,5671716-86.2025.4.01.3384,SEGUNDA SEÇÃO,1.4.8
2025-12-10,8174339-66.2024.4.01.3067, ,1.5.8
2025-12-10,8174339-66.2024.4.01.3067, ,2.3.7
2025-12-23,7495779-80.2025.4.01.3355,SEXTA TURMA,1.1.5
2025-12-02,5576935-49.2022.4.01.3295,PRIMEIRA SEÇÃO,1.2.2
2026-01-06,7220611-79.2023.4.01.3166,SEGUNDA TURMA,1.3.2
2025-12-16,6259146-34.2020.4.01.3726,QUINTA TURMA,1.4.2
2026-01-15,3887557-98.2020.4.01.3027,SEGUNDA TURMA,1.3.1
2026-01-26,4211438-61.2024.4.01.3214,QUARTA TURMA,1.2.5
2025-12-22,4569945-94.2021.4.01.3974,QUINTA TURMA,1.5.6
2025-12-27,2681651-51.2022.4.01.3678,SEGUNDA TURMA,1.4.6
2025-12-27,2681651-51.2022.4.01.3678,SEGUNDA TURMA,2.5.1
2025-12-13,3214836-58.2025.4.01.3149,TERCEIRA TURMA,1.2.3
2025-12-13,3214836-58.2025.4.01.3149,TERCEIRA TURMA,2.4.5
2025-12-11,4733634-91.2020.4.01.3843,QUARTA TURMA,1.4.6
2025-12-30,8932303-77.2025.4.01.3736,QUINTA TURMA,1.5.5
2025-12-30,8932303-77.2025.4.01.3736,QUINTA TURMA,2.4.5
2025-12-28,3258497-70.2021.4.01.3121,PRIMEIRA TURMA,1.3.8
2025-12-11,1770658-39.2020.4.01.3503,PRIMEIRA SEÇÃO,1.5.9
2025-12-31,1806687-87.2025.4.01.3503,PRIMEIRA SEÇÃO,1.5.8
2025-12-14,3008921-38.2022.4.01.3217,SEGUNDA TURMA,1.1.1
2026-01-21,3922168-78.2021.4.01.3001,PRIMEIRA SEÇÃO,1.4.2
2026-01-21,3922168-78.2021.4.01.3001,PRIMEIRA SEÇÃO,2.5.4
2026-01-26,3458572-85.2022.4.01.3945,CORTE ESPECIAL,1.4.5
2026-01-26,3458572-85.2022.4.01.3945,CORTE ESPECIAL,2.5.4
2026-01-07,6913308-65.2020.4.01.3534,PRIMEIRA TURMA,1.4.4
2026-01-07,6913308-65.2020.4.01.3534,PRIMEIRA TURMA,2.5.7
2025-12-13,1540885-17.2024.4.01.3567,TERCEIRA TURMA,1.1.3
2025-12-31,4507518-40.2021.4.01.3953,QUINTA TURMA,1.1.9
2026-01-06,9510650-41.2020.4.01.3181,TERCEIRA SEÇÃO,1.5.4
2025-12-03,2159659-77.2021.4.01.3039,SEXTA TURMA,1.5.1
2026-01-12,3737412-52.2023.4.01.3440,QUARTA TURMA,1.5.1
2026-01-25,1109778-92.2021.4.01.3788,SEXTA TURMA,1.4.9
2026-01-08,3267447-69.2021.4.01.3122,PRIMEIRA SEÇÃO,1.3.5
2026-01-20,1644590-75.2024.4.01.3630,QUINTA TURMA,1.3.9
2026-01-20,1644590-75.2024.4.01.3630,QUINTA TURMA,2.4.4
2026-01-03,7962118-18.2024.4.01.3773,TERCEIRA SEÇÃO,1.4.9
2025-12-21,3900802-87.2021.4.01.3580,PRIMEIRA TURMA,1.3.2
2025-12-14,5201594-15.2023.4.01.3671,QUARTA TURMA,1.5.7
2025-12-11,1151788-50.2025.4.01.3637,TERCEIRA SEÇÃO,1.3.2
2026-01-06,4038513-24.2024.4.01.3787,TERCEIRA SEÇÃO,1.3.7
2026-01-21,7843228-38.2025.4.01.3297,QUARTA TURMA,1.3.3
2026-01-11,7631785-99.2020.4.01.3797,TERCEIRA SEÇÃO,1.5.2
2026-01-03,6009237-71.2023.4.01.3553,SEGUNDA TURMA,1.1.9
2025-12-05,5758840-84.2022.4.01.3201,CORTE ESPECIAL,1.1.7
2026-01-25,7122746-92.2020.4.01.3037,TERCEIRA TURMA,1.5.4
2025-12-24,4923709-91.2020.4.01.3516,TERCEIRA SEÇÃO,1.5.7
2025-12-24,4923709-91.2020.4.01.3516,TERCEIRA SEÇÃO,2.1.6
2026-01-01,6817035-77.2020.4.01.3662,SEXTA TURMA,1.2.1
2026-01-16,2048650-30.2020.4.01.3092,QUARTA TURMA,1.2.1
2026-01-02,6334051-50.2020.4.01.3339,TERCEIRA SEÇÃO,1.5.5
2026-01-02,6334051-50.2020.4.01.3339,TERCEIRA SEÇÃO,2.2.5
2026-01-14,4743080-27.2020.4.01.3042,SEGUNDA SEÇÃO,1.4.4
2026-01-14,4743080-27.2020.4.01.3042,SEGUNDA SEÇÃO,2.4.5
2026-01-10,6361339-71.2023.4.01.3535,CORTE ESPECIAL,1.5.7
2026-01-27,9224331-34.2020.4.01.3716,SEGUNDA SEÇÃO,1.2.2
2025-12-10,5557792-18.2020.4.01.3528,QUARTA TURMA,1.5.1
2026-01-03,7223399-51.2024.4.01.3386,SEGUNDA TURMA,1.3.3
2026-01-04,4517243-91.2024.4.01.3774,PRIMEIRA TURMA,1.3.7
2026-01-04,4517243-91.2024.4.01.3774,PRIMEIRA TURMA,2.4.2
2026-01-22,5040746-11.2025.4.01.3347,QUINTA TURMA,1.2.1
2025-12-31,7164660-18.2024.4.01.3731,TERCEIRA TURMA,1.3.3
2025-12-19,2899142-65.2022.4.01.3583,PRIMEIRA TURMA,1.5.2
2025-12-19,2899142-65.2022.4.01.3583,PRIMEIRA TURMA,2.1.2
2026-01-13,6663867-33.2021.4.01.3616,TERCEIRA TURMA,1.4.2
2025-12-01,6133845-65.2024.4.01.3846,PRIMEIRA SEÇÃO,1.3.8
2025-12-01,6133845-65.2024.4.01.3846,PRIMEIRA SEÇÃO,2.1.8
2026-01-23,7402795-52.2023.4.01.3324,CORTE ESPECIAL,1.5.8
2025-12-17,9108404-42.2024.4.01.3827,SEGUNDA SEÇÃO,1.1.7
2025-12-11,9121632-28.2020.4.01.3910,CORTE ESPECIAL,1.4.7
2025-12-11,9121632-28.2020.4.01.3910,CORTE ESPECIAL,2.2.1
2025-12-10,8333534-91.2022.4.01.3804,QUARTA TURMA,1.4.4
2025-12-10,8333534-91.2022.4.01.3804,QUARTA TURMA,2.3.1
2025-12-17,8350578-11.2020.4.01.3916,PRIMEIRA TURMA,1.5.8
2025-12-01,9602043-24.2024.4.01.3291,TERCEIRA SEÇÃO,1.3.4
2025-12-20,4797463-75.2024.4.01.3985,CORTE ESPECIAL,1.1.5
2025-12-31,9842492-70.2021.4.01.3651,PRIMEIRA SEÇÃO,1.2.8
2025-12-31,9842492-70.2021.4.01.3651,PRIMEIRA SEÇÃO,2.4.4
2025-12-28,2416633-78.2022.4.01.3713,SEGUNDA TURMA,1.5.3
2026-01-04,6281015-21.2020.4.01.3527,CORTE ESPECIAL,1.4.9
2026-01-14,8607894-96.2022.4.01.3631,SEGUNDA TURMA,1.5.8
2026-01-14,8607894-96.2022.4.01.3631,SEGUNDA TURMA,2.5.1
2025-12-05,3091646-87.2020.4.01.3394,QUINTA TURMA,1.1.5
2025-12-05,3091646-87.2020.4.01.3394,QUINTA TURMA,2.5.3
2026-01-23,1755495-76.2022.4.01.3429,SEGUNDA TURMA,1.3.5
2025-12-17,5269236-33.2025.4.01.3420,Não Informado,1.2.7
2025-12-19,2777127-17.2021.4.01.3542,SEGUNDA TURMA,1.1.2
2025-12-19,5596681-19.2021.4.01.3327,CORTE ESPECIAL,1.1.2
2025-12-03,7639445-91.2023.4.01.3219,TERCEIRA TURMA,1.5.9
2025-12-20,2396536-65.2022.4.01.3225,PRIMEIRA SEÇÃO,1.4.7
2025-12-20,2396536-65.2022.4.01.3225,PRIMEIRA SEÇÃO,2.4.7
2025-12-18,1727884-81.2020.4.01.3868,TERCEIRA SEÇÃO,1.4.4
2025-12-10,6265842-47.2025.4.01.3361,CORTE ESPECIAL,1.1.1
2026-01-18,5231473-64.2021.4.01.3835,CORTE ESPECIAL,1.2.7
2026-01-25,4160618-89.2020.4.01.3483,SEGUNDA TURMA,1.1.6
2025-12-12,8570125-73.2021.4.01.3274,TERCEIRA SEÇÃO,1.1.2
2025-12-12,8570125-73.2021.4.01.3274,TERCEIRA SEÇÃO,2.5.7
2026-01-08,7837868-94.2023.4.01.3449,TERCEIRA TURMA,1.4.3
2026-01-08,7837868-94.2023.4.01.3449,TERCEIRA TURMA,2.2.7
2026-01-20,1476380-65.2022.4.01.3064,PRIMEIRA SEÇÃO,1.2.5
2025-12-21,8557424-43.2021.4.01.3103,PRIMEIRA SEÇÃO,1.1.5
2025-12-21,8557424-43.2021.4.01.3103,PRIMEIRA SEÇÃO,2.4.5
2025-12-12,2861949-80.2024.4.01.3887,QUARTA TURMA,1.4.9
2025-12-09,7652786-67.2024.4.01.3919,SEGUNDA SEÇÃO,1.2.8
2026-01-12,8492033-92.2024.4.01.3344,CORTE ESPECIAL,1.3.5
2026-01-12,8492033-92.2024.4.01.3344,CORTE ESPECIAL,2.2.5
2026-01-27,4545461-63.2024.4.01.3426,QUINTA TURMA,1.3.4
2026-01-27,4545461-63.2024.4.01.3426,QUINTA TURMA,2.5.4
2025-12-26,8004593-49.2020.4.01.3142,SEGUNDA TURMA,1.3.2
2026-01-27,1000654-71.2022.4.01.3749,PRIMEIRA TURMA,1.4.4
2026-01-27,1000654-71.2022.4.01.3749,PRIMEIRA TURMA,2.2.2
2026-01-24,1049323-31.2025.4.01.3455,QUINTA TURMA,1.3.1
2026-01-24,1049323-31.2025.4.01.3455,QUINTA TURMA,2.3.7
2025-12-09,4069484-86.2024.4.01.3725,PRIMEIRA TURMA,1.2.8
2025-12-09,4382747-51.2020.4.01.3715,CORTE ESPECIAL,1.5.6
2026-01-05,7727993-15.2024.4.01.3850,SEXTA TURMA,1.1.4
2026-01-05,1975886-18.2025.4.01.3332,SEXTA TURMA,1.2.2
2026-01-05,1975886-18.2025.4.01.3332,SEXTA TURMA,2.2.6
2025-12-27,8638585-32.2023.4.01.3613,QUARTA TURMA,1.5.1
2026-01-26,8888717-13.2021.4.01.3484,CORTE ESPECIAL,1.3.5
2026-01-26,4754445-80.2025.4.01.3895,PRIMEIRA TURMA,1.2.2
2025-12-29,6920673-91.2020.4.01.3702,SEGUNDA TURMA,1.1.2
2026-01-06,9061538-97.2025.4.01.3050,TERCEIRA TURMA,1.2.7
2026-01-10,8595965-55.2023.4.01.3189,CORTE ESPECIAL,1.2.8
2025-12-06,2603120-99.2024.4.01.3733,SEGUNDA TURMA,1.1.3
2026-01-12,2724264-45.2020.4.01.3420,PRIMEIRA SEÇÃO,1.1.8
2026-01-12,2724264-45.2020.4.01.3420,PRIMEIRA SEÇÃO,2.4.9
2025-12-04,5425988-42.2020.4.01.3914,SEXTA TURMA,1.4.6
2025-12-20,7437139-98.2025.4.01.3918,PRIMEIRA TURMA,1.1.1
2025-12-04,8215475-47.2022.4.01.3939,QUARTA TURMA,1.3.4
2025-12-13,2821641-32.2021.4.01.3011,CORTE ESPECIAL,1.4.1
2025-12-26,8890386-27.2021.4.01.3700,PRIMEIRA SEÇÃO,1.2.4
2026-01-04,6908539-52.2021.4.01.3707,TERCEIRA SEÇÃO,1.1.2
2026-01-04,6908539-52.2021.4.01.3707,TERCEIRA SEÇÃO,2.1.9
2025-12-15,8832879-48.2021.4.01.3013,PRIMEIRA TURMA,1.2.3
2026-01-12,8543801-85.2021.4.01.3797,PRIMEIRA TURMA,1.1.3
2025-12-21,1373052-81.2025.4.01.3811,PRIMEIRA SEÇÃO,1.4.5
2026-01-24,5797280-35.2022.4.01.3524,PRIMEIRA TURMA,1.1.8
2026-01-05,7231235-49.2025.4.01.3960,SEGUNDA SEÇÃO,1.3.2
2026-01-05,7231235-49.2025.4.01.3960,SEGUNDA SEÇÃO,2.4.9
2025-12-09,4567067-43.2023.4.01.3173,CORTE ESPECIAL,1.4.5
2025-12-11,7894786-84.2023.4.01.3349,PRIMEIRA SEÇÃO,1.2.6
2025-12-21,2892952-24.2022.4.01.3585,SEGUNDA TURMA,1.4.9
2025-12-31,6180689-54.2025.4.01.3057,SEGUNDA TURMA,1.2.8
2025-12-25,6062564-83.2023.4.01.3162,SEGUNDA TURMA,1.4.8
2026-01-09,3397919-87.2020.4.01.3652,PRIMEIRA TURMA,1.4.6
2026-01-13,1323873-32.2025.4.01.3978,QUARTA TURMA,1.5.3
2025-12-04,8833748-50.2022.4.01.3208,SEXTA TURMA,1.2.3
2025-12-04,8833748-50.2022.4.01.3208,SEXTA TURMA,2.5.6
2025-12-18,1838048-69.2021.4.01.3268,QUARTA TURMA,1.2.3
2026-01-22,7318614-31.2023.4.01.3199, ,1.4.8
2026-01-22,7318614-31.2023.4.01.3199, ,2.1.1
2025-12-30,9772870-75.2022.4.01.3756,SEGUNDA TURMA,1.4.6
2025-12-09,9929094-17.2022.4.01.3544,QUINTA TURMA,1.1.6
2026-01-26,1879040-38.2023.4.01.3734,PRIMEIRA TURMA,1.4.4
2026-01-26,1879040-38.2023.4.01.3734,PRIMEIRA TURMA,2.4.9
2026-01-05,6940809-93.2025.4.01.3290,TERCEIRA TURMA,1.5.7
2026-01-05,6940809-93.2025.4.01.3290,TERCEIRA TURMA,2.4.7
2026-01-05,8934589-37.2020.4.01.3780,SEXTA TURMA,1.1.6
2026-01-05,8222217-18.2024.4.01.3125,SEGUNDA TURMA,1.4.2
2026-01-05,8222217-18.2024.4.01.3125,SEGUNDA TURMA,2.2.3
2025-12-10,4442143-90.2020.4.01.3728,QUINTA TURMA,1.5.6
2025-12-10,4442143-90.2020.4.01.3728,QUINTA TURMA,2.5.3
2025-12-22,9081184-25.2020.4.01.3338,SEGUNDA TURMA,1.3.1
2025-12-18,7790739-38.2025.4.01.3611,SEGUNDA TURMA,1.2.4
2025-12-07,9528279-63.2020.4.01.3932,PRIMEIRA TURMA,1.4.2
2025-12-26,4256237-59.2023.4.01.3907,SEGUNDA SEÇÃO,1.1.3
2025-12-26,4256237-59.2023.4.01.3907,SEGUNDA SEÇÃO,2.2.2
2026-01-12,3777932-35.2024.4.01.3900,QUINTA TURMA,1.1.9
2025-12-04,7220936-18.2024.4.01.3773,QUARTA TURMA,1.2.1
2025-12-01,5982231-73.2021.4.01.3346,QUINTA TURMA,1.2.9
2025-12-01,1491022-61.2021.4.01.3596,QUARTA TURMA,1.1.8
2025-12-01,1491022-61.2021.4.01.3596,QUARTA TURMA,2.3.9
2026-01-14,3021461-43.2020.4.01.3953,CORTE ESPECIAL,1.5.6
2026-01-14,3021461-43.2020.4.01.3953,CORTE ESPECIAL,2.4.8
2025-12-12,7811598-79.2024.4.01.3406,Não Informado,1.2.4
2025-12-12,7811598-79.2024.4.01.3406,Não Informado,2.1.6
2025-12-28,5707896-23.2023.4.01.3086,TERCEIRA SEÇÃO,1.3.9
2025-12-28,5707896-23.2023.4.01.3086,TERCEIRA SEÇÃO,2.2.6
2026-01-25,5688176-84.2022.4.01.3593,PRIMEIRA SEÇÃO,1.3.6
2026-01-25,5688176-84.2022.4.01.3593,PRIMEIRA SEÇÃO,2.2.4
2025-12-04,1335704-42.2020.4.01.3316,SEGUNDA TURMA,1.5.8
2025-12-17,1759816-87.2025.4.01.3728, ,1.5.4
2026-01-01,1120442-24.2021.4.01.3629,PRIMEIRA SEÇÃO,1.2.7
2025-12-21,2461045-86.2020.4.01.3563,QUARTA TURMA,1.1.3
2025-12-21,2461045-86.2020.4.01.3563,QUARTA TURMA,2.1.9
2026-01-26,1205833-87.2022.4.01.3199,QUINTA TURMA,1.2.9
2026-01-07,1924150-83.2021.4.01.3493,QUARTA TURMA,1.4.1
2026-01-12,2167002-93.2025.4.01.3741,SEXTA TURMA,1.2.7
2025-12-11,3682113-61.2024.4.01.3704,PRIMEIRA SEÇÃO,1.1.9
2026-01-21,3731820-34.2025.4.01.3562,CORTE ESPECIAL,1.3.4
2025-11-30,9934800-88.2020.4.01.3807, ,1.1.1
2025-12-26,6919153-25.2021.4.01.3102,PRIMEIRA SEÇÃO,1.4.3
2025-12-10,9860902-64.2020.4.01.3630,QUARTA TURMA,1.4.2
2025-12-30,3484187-44.2022.4.01.3710,QUINTA TURMA,1.2.3
2026-01-09,5841587-49.2022.4.01.3825,PRIMEIRA SEÇÃO,1.1.8
2025-12-23,4731157-51.2022.4.01.3788,TERCEIRA TURMA,1.4.4
2025-12-21,3798745-42.2023.4.01.3499,QUARTA TURMA,1.1.1
2026-01-23,8558355-37.2023.4.01.3661,TERCEIRA SEÇÃO,1.1.3
2026-01-23,8558355-37.2023.4.01.3661,TERCEIRA SEÇÃO,2.2.2
2026-01-12,9549781-34.2022.4.01.3902,PRIMEIRA TURMA,1.2.7
2026-01-12,9549781-34.2022.4.01.3902,PRIMEIRA TURMA,2.3.9
2026-01-02,9349282-24.2022.4.01.3499,CORTE ESPECIAL,1.3.8
2026-01-15,1649042-91.2022.4.01.3333,TERCEIRA TURMA,1.1.8
2026-01-15,1649042-91.2022.4.01.3333,TERCEIRA TURMA,2.2.8
2025-12-24,3441601-78.2023.4.01.3796,SEGUNDA TURMA,1.5.8
2025-11-29,3010236-74.2025.4.01.3137,QUINTA TURMA,1.5.5
2025-12-15,1150177-99.2025.4.01.3614,PRIMEIRA SEÇÃO,1.3.3
2025-12-15,1150177-99.2025.4.01.3614,PRIMEIRA SEÇÃO,2.2.4
2026-01-03,7295325-92.2024.4.01.3662,TERCEIRA TURMA,1.5.2
2026-01-03,7295325-92.2024.4.01.3662,TERCEIRA TURMA,2.4.9
2025-11-30,1713941-56.2024.4.01.3845,QUINTA TURMA,1.1.1
2025-11-30,1713941-56.2024.4.01.3845,QUINTA TURMA,2.3.6
2025-12-07,1259497-38.2024.4.01.3814,QUARTA TURMA,1.1.4
2025-12-30,2715453-16.2020.4.01.3469,SEGUNDA SEÇÃO,1.2.4
2025-12-30,2715453-16.2020.4.01.3469,SEGUNDA SEÇÃO,2.4.2
2025-12-25,4674010-68.2025.4.01.3541,TERCEIRA TURMA,1.4.1
2025-12-06,5617790-32.2022.4.01.3157,PRIMEIRA SEÇÃO,1.1.5
2025-12-06,5617790-32.2022.4.01.3157,PRIMEIRA SEÇÃO,2.3.1
2026-01-14,9903392-94.2023.4.01.3028,SEGUNDA SEÇÃO,1.4.8
2026-01-17,8723547-33.2025.4.01.3547,PRIMEIRA SEÇÃO,1.2.4
2026-01-26,9773392-17.2020.4.01.3775,PRIMEIRA TURMA,1.4.7
2026-01-26,9773392-17.2020.4.01.3775,PRIMEIRA TURMA,2.3.6
2025-12-17,5693773-70.2022.4.01.3400,SEGUNDA TURMA,1.2.4
2025-12-17,5693773-70.2022.4.01.3400,SEGUNDA TURMA,2.1.1
2025-12-13,6427248-41.2022.4.01.3535,QUARTA TURMA,1.5.3
2025-12-03,1479632-30.2022.4.01.3618,TERCEIRA SEÇÃO,1.4.8
2025-12-03,1479632-30.2022.4.01.3618,TERCEIRA SEÇÃO,2.1.6
2025-12-05,6526813-17.2020.4.01.3321,SEGUNDA SEÇÃO,1.3.1
2026-01-26,9210023-61.2020.4.01.3862,TERCEIRA SEÇÃO,1.3.3
2026-01-26,9210023-61.2020.4.01.3862,TERCEIRA SEÇÃO,2.5.8
2026-01-06,9277914-84.2021.4.01.3249,SEGUNDA TURMA,1.3.2
2026-01-24,2455265-66.2021.4.01.3090,CORTE ESPECIAL,1.1.4
2026-01-24,2455265-66.2021.4.01.3090,CORTE ESPECIAL,2.3.1
2025-12-21,2794378-27.2021.4.01.3268,TERCEIRA SEÇÃO,1.5.7
2025-12-05,9772754-81.2021.4.01.3516,QUARTA TURMA,1.5.8
2025-12-05,9772754-81.2021.4.01.3516,QUARTA TURMA,2.3.6
2026-01-16,4775665-67.2023.4.01.3444,PRIMEIRA SEÇÃO,1.5.2
2025-12-12,4676904-14.2024.4.01.3861,SEXTA TURMA,1.5.3
2025-12-12,4676904-14.2024.4.01.3861,SEXTA TURMA,2.1.9
2026-01-09,1499886-91.2025.4.01.3717,Não Informado,1.4.5
2025-11-29,7163038-64.2022.4.01.3903,TERCEIRA SEÇÃO,1.5.2
2025-11-29,7163038-64.2022.4.01.3903,TERCEIRA SEÇÃO,2.5.9
2025-12-04,8053530-64.2022.4.01.3043,TERCEIRA SEÇÃO,1.5.1
2025-12-09,7508550-63.2023.4.01.3300,SEGUNDA TURMA,1.3.4
2025-12-21,5600186-17.2021.4.01.3295,TERCEIRA SEÇÃO,1.2.7
2026-01-17,5583808-72.2021.4.01.3267,PRIMEIRA TURMA,1.5.7
2026-01-03,9790416-35.2023.4.01.3662,SEGUNDA SEÇÃO,1.2.9
2026-01-03,9790416-35.2023.4.01.3662,SEGUNDA SEÇÃO,2.3.1
2025-12-24,1193845-11.2025.4.01.3398,CORTE ESPECIAL,1.2.8
2026-01-27,4001996-11.2025.4.01.3469,SEGUNDA TURMA,1.3.9
2026-01-27,4001996-11.2025.4.01.3469,SEGUNDA TURMA,2.4.2
2026-01-11,3202087-18.2023.4.01.3295,QUARTA TURMA,1.2.5
2026-01-11,3202087-18.2023.4.01.3295,QUARTA TURMA,2.1.2
2025-12-10,5900703-51.2024.4.01.3867,TERCEIRA TURMA,1.2.8
2025-12-10,5900703-51.2024.4.01.3867,TERCEIRA TURMA,2.5.5
2025-12-03,7174736-32.2023.4.01.3321,TERCEIRA TURMA,1.5.6
2026-01-23,2752983-69.2021.4.01.3085,CORTE ESPECIAL,1.1.4
2026-01-23,2752983-69.2021.4.01.3085,CORTE ESPECIAL,2.1.9
2026-01-07,7020876-85.2021.4.01.3666,SEGUNDA SEÇÃO,1.2.2
2026-01-25,5587198-20.2024.4.01.3584,CORTE ESPECIAL,1.4.6
2025-12-14,3384448-64.2020.4.01.3609,SEGUNDA SEÇÃO,1.5.4
2026-01-08,9720991-48.2023.4.01.3143,SEXTA TURMA,1.4.9
2026-01-07,6891696-82.2025.4.01.3085,TERCEIRA TURMA,1.5.4
2026-01-07,6891696-82.2025.4.01.3085,TERCEIRA TURMA,2.1.4
2026-01-17,4413233-19.2021.4.01.3659,TERCEIRA TURMA,1.4.4
2026-01-17,4413233-19.2021.4.01.3659,TERCEIRA TURMA,2.3.1
2026-01-02,4967448-94.2020.4.01.3489,QUINTA TURMA,1.2.5
2025-12-12,9238636-75.2021.4.01.3450,CORTE ESPECIAL,1.1.4
2025-12-12,9177076-16.2021.4.01.3049,QUINTA TURMA,1.2.5
2025-11-30,9298514-90.2023.4.01.3683,QUINTA TURMA,1.5.4
2025-12-28,5575655-72.2022.4.01.3370,QUARTA TURMA,1.3.6
2026-01-15,1608762-86.2025.4.01.3845,QUARTA TURMA,1.4.5
2026-01-15,1608762-86.2025.4.01.3845,QUARTA TURMA,2.1.3
2026-01-20,4903815-29.2024.4.01.3608,QUARTA TURMA,1.5.6
2026-01-04,2341473-25.2025.4.01.3767,QUINTA TURMA,1.2.4
2025-12-04,6783525-50.2023.4.01.3951,PRIMEIRA SEÇÃO,1.2.6
2025-12-25,7856345-96.2021.4.01.3789,TERCEIRA TURMA,1.1.8
2025-12-10,2696563-90.2023.4.01.3917,PRIMEIRA TURMA,1.2.9
2025-12-10,2696563-90.2023.4.01.3917,PRIMEIRA TURMA,2.1.6
2026-01-20,3451792-28.2024.4.01.3380,PRIMEIRA TURMA,1.3.2
2025-12-16,8539078-16.2022.4.01.3327,PRIMEIRA SEÇÃO,1.5.4
2026-01-17,1946482-99.2020.4.01.3711,PRIMEIRA SEÇÃO,1.5.8
2026-01-17,1946482-99.2020.4.01.3711,PRIMEIRA SEÇÃO,2.1.5
2026-01-03,6259858-58.2024.4.01.3082,TERCEIRA SEÇÃO,1.5.3
2025-12-02,3410919-67.2023.4.01.3872,TERCEIRA SEÇÃO,1.5.5
2025-12-02,3410919-67.2023.4.01.3872,TERCEIRA SEÇÃO,2.1.5
2025-12-27,8256311-89.2023.4.01.3185,QUINTA TURMA,1.4.3
2025-12-13,2772512-23.2020.4.01.3571,SEXTA TURMA,1.5.2
2025-12-13,2772512-23.2020.4.01.3571,SEXTA TURMA,2.4.9
2025-12-18,3563092-43.2025.4.01.3719,QUINTA TURMA,1.1.8
2025-12-13,7193304-66.2023.4.01.3954,PRIMEIRA TURMA,1.5.7
2026-01-04,9504687-71.2020.4.01.3243,SEGUNDA SEÇÃO,1.4.2
2026-01-04,9504687-71.2020.4.01.3243,SEGUNDA SEÇÃO,2.4.5
2026-01-09,3224633-21.2020.4.01.3808,QUARTA TURMA,1.1.1
2026-01-09,3224633-21.2020.4.01.3808,QUARTA TURMA,2.5.2
2025-12-05,6189337-30.2024.4.01.3174,QUINTA TURMA,1.4.3
2025-12-05,6189337-30.2024.4.01.3174,QUINTA TURMA,2.2.8
2025-12-19,1882083-87.2021.4.01.3844,SEGUNDA TURMA,1.5.5
2026-01-21,6273516-32.2022.4.01.3294,TERCEIRA TURMA,1.5.4
2025-12-12,9428953-32.2023.4.01.3391,SEXTA TURMA,1.2.3
2025-11-30,8310343-16.2025.4.01.3950,SEXTA TURMA,1.1.8
2025-12-17,8422384-65.2024.4.01.3247,SEGUNDA TURMA,1.2.7
2025-12-17,8422384-65.2024.4.01.3247,SEGUNDA TURMA,2.1.1
2026-01-13,6706869-90.2023.4.01.3292,QUINTA TURMA,1.5.6
2025-12-12,1611702-40.2022.4.01.3556,PRIMEIRA TURMA,1.1.2
2025-12-01,9132928-43.2023.4.01.3229,QUARTA TURMA,1.2.5
2026-01-05,7163963-85.2020.4.01.3640,SEGUNDA SEÇÃO,1.1.5
2026-01-05,7163963-85.2020.4.01.3640,SEGUNDA SEÇÃO,2.3.9
2025-12-06,6874962-65.2025.4.01.3566,TERCEIRA TURMA,1.2.8
2026-01-21,6418257-35.2020.4.01.3463,SEGUNDA TURMA,1.2.4
2026-01-01,4525540-82.2023.4.01.3832,TERCEIRA SEÇÃO,1.1.5
2025-12-24,3557382-99.2024.4.01.3354,CORTE ESPECIAL,1.4.4
2025-12-24,3557382-99.2024.4.01.3354,CORTE ESPECIAL,2.4.1
2026-01-20,5009458-15.2021.4.01.3825,Não Informado,1.2.4
2025-12-16,6982049-87.2022.4.01.3036,PRIMEIRA TURMA,1.3.6
2025-12-16,6982049-87.2022.4.01.3036,PRIMEIRA TURMA,2.4.3
2026-01-21,1917004-12.2024.4.01.3704,SEGUNDA TURMA,1.3.2
2025-12-01,2569857-84.2025.4.01.3439,CORTE ESPECIAL,1.4.2
2025-12-27,8558070-85.2025.4.01.3338,SEXTA TURMA,1.2.9
2025-12-05,6548215-95.2023.4.01.3304,CORTE ESPECIAL,1.2.7
2025-12-01,3555925-70.2020.4.01.3893,PRIMEIRA SEÇÃO,1.2.7
2026-01-21,1418092-39.2022.4.01.3043,TERCEIRA SEÇÃO,1.5.4
2026-01-10,2681430-28.2020.4.01.3462,PRIMEIRA TURMA,1.2.9
2026-01-10,2681430-28.2020.4.01.3462,PRIMEIRA TURMA,2.2.3
2025-12-25,3011349-74.2023.4.01.3534,PRIMEIRA TURMA,1.2.1
2025-12-02,5036285-31.2023.4.01.3045,SEGUNDA SEÇÃO,1.3.2
2025-12-11,3834540-96.2020.4.01.3904,PRIMEIRA SEÇÃO,1.3.3
2025-12-01,8264853-54.2024.4.01.3581,QUARTA TURMA,1.1.1
2025-12-11,5382393-93.2024.4.01.3468,SEXTA TURMA,1.2.8
2026-01-11,3712615-10.2025.4.01.3740,TERCEIRA TURMA,1.1.5
2025-12-06,9435234-43.2024.4.01.3848,PRIMEIRA TURMA,1.5.6
2025-12-06,9435234-43.2024.4.01.3848,PRIMEIRA TURMA,2.2.6
2025-12-23,8933943-62.2025.4.01.3748,PRIMEIRA TURMA,1.1.1
2025-12-23,8933943-62.2025.4.01.3748,PRIMEIRA TURMA,2.1.3
2025-11-30,7775996-83.2021.4.01.3114,TERCEIRA SEÇÃO,1.2.8
2025-11-30,7775996-83.2021.4.01.3114,TERCEIRA SEÇÃO,2.2.6
2025-12-24,8021814-72.2020.4.01.3253,SEGUNDA TURMA,1.4.7
2025-12-24,8021814-72.2020.4.01.3253,SEGUNDA TURMA,2.4.8
2026-01-11,6680852-52.2020.4.01.3012,QUARTA TURMA,1.1.1
2026-01-11,6680852-52.2020.4.01.3012,QUARTA TURMA,2.2.4
2025-12-06,4015903-67.2023.4.01.3051,SEGUNDA TURMA,1.2.8
2025-12-06,4015903-67.2023.4.01.3051,SEGUNDA TURMA,2.3.2
2026-01-22,3975617-16.2021.4.01.3883,Não Informado,1.2.5
2025-12-15,4875665-18.2024.4.01.3816,SEGUNDA SEÇÃO,1.5.1
2026-01-17,6215874-40.2021.4.01.3708,PRIMEIRA TURMA,1.4.9
2026-01-22,9893634-17.2024.4.01.3432,TERCEIRA TURMA,1.5.1
2026-01-22,9893634-17.2024.4.01.3432,TERCEIRA TURMA,2.5.8
2026-01-17,4005447-50.2024.4.01.3455,SEGUNDA TURMA,1.4.2
2026-01-16,3541970-19.2020.4.01.3627,QUINTA TURMA,1.4.1
2026-01-04,7391212-72.2025.4.01.3715,SEGUNDA SEÇÃO,1.1.9
2026-01-10,8588513-97.2020.4.01.3048,SEGUNDA TURMA,1.3.1
2026-01-10,8588513-97.2020.4.01.3048,SEGUNDA TURMA,2.1.1
2025-12-10,1742082-35.2022.4.01.3007,TERCEIRA TURMA,1.3.8
2026-01-21,1296931-75.2023.4.01.3129,SEGUNDA TURMA,1.2.7
2025-12-20,7558323-24.2025.4.01.3794,QUARTA TURMA,1.4.1
2025-12-20,2472270-65.2025.4.01.3328,QUARTA TURMA,1.5.1
2025-12-20,2472270-65.2025.4.01.3328,QUARTA TURMA,2.2.7
2026-01-21,5678707-21.2023.4.01.3202,TERCEIRA TURMA,1.1.3
2026-01-09,2010313-53.2021.4.01.3647,TERCEIRA SEÇÃO,1.1.2
2025-12-07,5109584-30.2021.4.01.3718,PRIMEIRA SEÇÃO,1.1.3
2025-12-07,5109584-30.2021.4.01.3718,PRIMEIRA SEÇÃO,2.3.1
2025-12-07,3994255-48.2024.4.01.3212,SEGUNDA SEÇÃO,1.3.3
